"token","frequency","rank"
"primer,"100000000","0"
",","61848785","1"
"(","7516898","2"
")","7516898","3"
"FROM","6654073","4"
"<EOQ>","6571268","5"
"<SOQ>","6571268","6"
"SELECT","6569590","7"
"=","5378024","8"
"p.objid","5251209","9"
"TOP","4489472","10"
"1","4296899","11"
"AS","4165537","12"
"WHERE","3791312","13"
"p.rerun","2786320","14"
"p.ra","2774636","15"
"p.dec","2773450","16"
"p","2765705","17"
"AND","2748631","18"
"photoprimary","2684314","19"
"p.run","2680607","20"
"p.camcol","2680437","21"
"p.field","2680425","22"
"p.r","2451556","23"
"p.type","2450664","24"
"p.z","2408252","25"
"p.g","2391731","26"
"p.u","2391350","27"
"p.i","2389917","28"
"n","2385196","29"
"n.objid","2382265","30"
"p.err_r","2363054","31"
"p.err_g","2361254","32"
"p.err_z","2361232","33"
"p.err_i","2361226","34"
"p.err_u","2360796","35"
"fgetnearbyobjeq","2356745","36"
"p.obj","2322734","37"
"objid","2163624","38"
"0.5","2101179","39"
"2.5","2099949","40"
"195","2099294","41"
"<VAL>","2000506","42"
"clean","1999240","43"
"20","1685929","44"
"CAST","1681718","45"
"varchar","1680559","46"
"<ARG>","1429549","47"
"photoobj","1337727","48"
"name","872401","49"
"<W>","697183","50"
"JOIN","495448","51"
"ON","495439","52"
"type","480666","53"
"photoobjall","448651","54"
"g","412281","55"
"dbobjects","398554","56"
"<","390970","57"
"star","384349","58"
"BY","380315","59"
"ORDER","379731","60"
"BETWEEN","342187","61"
">","341349","62"
"galaxy","280455","63"
"3","258749","64"
"g.objid","257629","65"
"dec","246545","66"
"ISNULL","243620","67"
"ra","242869","68"
"g.field","219742","69"
"g.camcol","219740","70"
"g.run","219740","71"
"g.rerun","219740","72"
"field","218862","73"
"0","211883","74"
"p.modelmag_r","197349","75"
"-99","196771","76"
"photoz","194287","77"
"'U'","189247","78"
"IN","183734","79"
"NOT","179341","80"
"'QueryResults'","178794","81"
"'LoadEvents'","178372","82"
"10","171731","83"
"specobjid","164215","84"
"phototag","154072","85"
"OR","146030","86"
"dbo.fgetnearbyobjeq","136981","87"
"&","136002","88"
"flags_r","134625","89"
"access","115406","90"
"dbo.fgetnearestobjeq","114859","91"
"g.petror90_r","110760","92"
"39","110179","93"
"g.colc","109869","94"
"g.rowc","109869","95"
"g.kk_r","109672","96"
"g.airmass_r","109672","97"
"g.aa_r","109672","98"
"DISTINCT","109408","99"
"fieldid","99364","100"
"p.modelmag_g","98731","101"
"p.modelmag_i","98580","102"
"description","97873","103"
"p.petror50_r","97068","104"
"p.petror90_r","96905","105"
"gn.objid","96065","106"
"specobj","95934","107"
"r","95309","108"
"LEFT","93127","109"
"OUTER","92787","110"
"s","92731","111"
"p.fracdev_r","89291","112"
"p.fracdev_i","89221","113"
"text","88025","114"
"photoz2","87161","115"
"s.bestobjid","80890","116"
"s.z","80475","117"
"apogeestar","79991","118"
"g.ra","78443","119"
"g.dec","78421","120"
"i","76621","121"
"LIKE","75452","122"
"p.fracdev_g","74090","123"
"p.fracdev_z","73997","124"
"p.fracdev_u","73997","125"
"2","72651","126"
"p.dered_r","72011","127"
"u","71161","128"
"p.dered_g","70216","129"
"p.dered_i","70211","130"
"p.dered_u","70194","131"
"p.dered_z","70143","132"
"h.z","68570","133"
"z","68450","134"
"p.petromag_r","68276","135"
"<=","67992","136"
"p.petromag_g","66497","137"
"p.petromag_i","66191","138"
"p.petromag_u","66186","139"
"p.petromag_z","66183","140"
"p.expab_r","66045","141"
"psfmagerr_r","65576","142"
"<UNK>","64867","143"
"distance","63970","144"
"p.flags","61942","145"
"40","61910","146"
"dbo.fphototypen","58151","147"
"s.specclass","57076","148"
"p.specclass","54949","149"
"100000","54505","150"
"pz.objid","54015","151"
"pz","54005","152"
"p.petrorad_r","53949","153"
"pz2","53905","154"
"pz2.objid","53904","155"
"pz2.photozerrd1","53900","156"
"pz2.photozd1","53900","157"
"30","53768","158"
"pz.z","53178","159"
"pz2.photozcc2","53061","160"
"pz.zerr","53061","161"
"pz2.photozerrcc2","53061","162"
"pz.pzType","52862","163"
"p.flags_g","52407","164"
"p.flags_u","52388","165"
"p.flags_r","52388","166"
"p.flags_z","52388","167"
"p.flags_i","52388","168"
"p.fibermag_r","52285","169"
"p.petroraderr_r","52205","170"
"p.fibermag_u","52200","171"
"p.fibermag_g","52199","172"
"p.fibermag_i","52196","173"
"p.fibermag_z","52192","174"
"p.devmag_r","52161","175"
"p.expmag_r","52111","176"
"p.fibermagerr_u","52105","177"
"p.fibermagerr_r","52105","178"
"p.fibermagerr_i","52105","179"
"p.fibermagerr_g","52105","180"
"p.fibermagerr_z","52105","181"
"p.petror90err_r","52095","182"
"p.petror50err_r","52095","183"
"p.devmag_g","52092","184"
"p.devmagerr_r","52091","185"
"p.expmagerr_r","52090","186"
"p.devmagerr_g","52090","187"
"p.expmag_g","52089","188"
"p.expmagerr_g","52089","189"
"p.devmag_i","52088","190"
"p.devmag_u","52087","191"
"p.devmag_z","52087","192"
"p.expmag_i","52085","193"
"p.expmag_z","52085","194"
"p.devmagerr_u","52085","195"
"p.devmagerr_z","52085","196"
"p.devmagerr_i","52085","197"
"p.expmag_u","52084","198"
"p.expmagerr_u","52084","199"
"p.expmagerr_z","52084","200"
"p.expmagerr_i","52084","201"
"b.objid","51959","202"
"eq","51709","203"
"dbo.fiau","51709","204"
"rect","51083","205"
"gn","49644","206"
"gn.distance","49550","207"
"g.petromag_r","48552","208"
"specobjall","48243","209"
"p.modelmag_u","47158","210"
"p.modelmag_z","46910","211"
"dbo.fdoccolumns","46801","212"
"g.dered_g","46463","213"
"g.dered_r","46440","214"
"g.dered_u","46440","215"
"g.dered_i","46439","216"
"g.psfmag_r","46418","217"
"-9999","46417","218"
"gn.type","46417","219"
"g.psfmagerr_i","46417","220"
"g.dered_z","46417","221"
"g.psfmagerr_z","46417","222"
"g.psfmagerr_g","46417","223"
"g.psfmag_i","46417","224"
"g.psfmagerr_r","46417","225"
"g.psfmagerr_u","46417","226"
"s.ObjTypeName","46417","227"
"g.psfmag_g","46417","228"
"g.psfmag_z","46417","229"
"g.psfmag_u","46417","230"
"psfmagerr_z","45238","231"
"frame","45221","232"
"p.modelmagerr_r","44989","233"
"p.modelmagerr_g","44978","234"
"p.modelmagerr_u","44972","235"
"p.modelmagerr_i","44972","236"
"p.modelmagerr_z","44966","237"
"p.extinction_r","44927","238"
"p.extinction_g","44718","239"
"p.extinction_u","44575","240"
"p.extinction_i","44545","241"
"p.extinction_z","44348","242"
"p.petror50_z","44316","243"
"p.petromagerr_u","44261","244"
"p.petromagerr_r","44259","245"
"p.petromagerr_g","44259","246"
"p.petromagerr_i","44259","247"
"p.petromagerr_z","44256","248"
"p.parentid","44222","249"
"psfmagerr_g","43943","250"
">=","42751","251"
"[tableName]","42421","252"
"indexmap","42010","253"
"[indexMapId]","42009","254"
"[indexMapID]","41979","255"
"[foreignKey]","41979","256"
"[type]","41979","257"
"[fieldList]","41979","258"
"[code]","41979","259"
"tablename","41567","260"
"psfmagerr_i","40685","261"
"psfmagerr_u","40400","262"
"'P'","39406","263"
"'F'","39342","264"
"p.devrad_r","38669","265"
"'V'","38150","266"
"p.devrad_i","36980","267"
"25","36944","268"
"dbo.fgetobj","36424","269"
"21","36293","270"
"'%Constants%'","35916","271"
"'%Defs%'","35916","272"
"8","35077","273"
"str","34596","274"
"0.2","33994","275"
"x","33785","276"
"13","32425","277"
"500","30617","278"
"pp.objid","30298","279"
"ppp.objid","30272","280"
"fdocfunctionparams","29587","281"
"run","27717","282"
"l.lineID","27629","283"
"class","27587","284"
"!=","26871","285"
"0x400000000000","26002","286"
"0x10000000","26002","287"
"0x1000","26001","288"
"0x100000000000","26001","289"
"0x8100000c00a4","25858","290"
"x.objid","25652","291"
"camcol","25550","292"
"s.ra","25433","293"
"gal","25178","294"
"gal.specobjid","25174","295"
"gal.dec","25169","296"
"gal.petrorad_r","25169","297"
"gal.ra","25169","298"
"6","24639","299"
"s.dec","23526","300"
"p.devab_r","23507","301"
"h","23488","302"
"s.zerr","23480","303"
"h.objid","23340","304"
"p.devrad_u","22501","305"
"flags","22291","306"
"b","22186","307"
"psfmag_g","21997","308"
"p.exprad_r","21923","309"
"p.exprad_g","21907","310"
"p.exprad_i","21907","311"
"p.exprad_z","21900","312"
"p.exprad_u","21899","313"
"psfmag_r","21884","314"
"p.devrad_g","21866","315"
"p.devrad_z","21842","316"
"p.devab_g","21839","317"
"p.lnlexp_r","21826","318"
"p.lnldev_r","21826","319"
"p.lnlexp_i","21825","320"
"p.lnldev_i","21825","321"
"p.devab_i","21825","322"
"p.devab_u","21823","323"
"p.devab_z","21823","324"
"p.expab_i","21823","325"
"p.lnldev_g","21823","326"
"p.lnldev_z","21821","327"
"p.lnlexp_u","21821","328"
"p.lnlexp_z","21821","329"
"p.lnlexp_g","21821","330"
"p.lnldev_u","21821","331"
"p.expab_u","21820","332"
"p.expab_z","21820","333"
"p.expab_g","21818","334"
"h.zerr","21802","335"
"SpecLineIndex","21427","336"
"p.specobjid","21400","337"
"decmax","21271","338"
"ramin","21043","339"
"ramax","20998","340"
"decmin","20997","341"
"18.0","20633","342"
"specline","20431","343"
"mode","19808","344"
"r.objid","19718","345"
"-","19506","346"
"999","19113","347"
"xcredshift","18843","348"
"petror50_r","18702","349"
"specphotoall","18593","350"
"modelmag_r","18076","351"
"p.clean","18029","352"
"psfmag_i","17690","353"
"s.specobjid","17569","354"
"4","17423","355"
"psfmag_z","17210","356"
"g.petromagerr_r","17133","357"
"psfmag_u","17091","358"
"5","16673","359"
"17.5","16652","360"
"g.petromag_i","16581","361"
"g.petromagerr_g","16580","362"
"g.petromagerr_i","16580","363"
"g.petromagerr_u","16580","364"
"g.petromagerr_z","16580","365"
"g.petromag_u","16580","366"
"g.petromag_z","16580","367"
"g.petromag_g","16580","368"
"fgetobj","16577","369"
"flags_i","16429","370"
"flags_g","15678","371"
"zerr","15576","372"
"pp","15318","373"
"s.veldisp","15216","374"
"s.objType","15172","375"
"s.veldisperr","15162","376"
"zp","15151","377"
"ppp","15142","378"
"mask","15140","379"
"maskedobject","15138","380"
"absMag_i","15136","381"
"absMag_g","15136","382"
"zp.absMag_g","15136","383"
"zp.absMag_i","15136","384"
"zp.zerr","15136","385"
"zp.absMag_u","15136","386"
"zp.absMag_r","15136","387"
"zp.absMag_z","15136","388"
"zp.z","15136","389"
"vdisp","15136","390"
"zp.objid","15136","391"
"mask_code","15136","392"
"zp.pzType","15136","393"
"zphot_err","15136","394"
"absMag_z","15136","395"
"absMag_r","15136","396"
"absMag_u","15136","397"
"temp_type","15136","398"
"mask.masktype","15136","399"
"zphot","15136","400"
"vdispErr","15136","401"
"mask.objid","15136","402"
"modelmag_g","14903","403"
"7","14775","404"
"flags_z","14571","405"
"err_r","14549","406"
"err_g","14540","407"
"g.flags","14540","408"
"g.extinction_r","14496","409"
"err_u","14354","410"
"err_i","14341","411"
"err_z","14307","412"
"flags_u","14235","413"
"PhotozRF","14111","414"
"u_i","14013","415"
"u_r","14013","416"
"q_i","14013","417"
"q_r","14013","418"
"modelmag_i","13789","419"
"modelmag_u","13615","420"
"dbo.fgeturlfitsspectrum","13445","421"
"modelmag_z","13312","422"
"24.8","12474","423"
"modelmagerr_g","12462","424"
"modelmagerr_r","12459","425"
"modelmagerr_i","12459","426"
"modelmagerr_z","12456","427"
"ELRedshift","12214","428"
"modelmagerr_u","12132","429"
"s.plate","11584","430"
"1.0","11350","431"
"p.petror90_i","11242","432"
"viewname","11108","433"
"dbviewcols","11108","434"
"dbo.ffootprinteq","11084","435"
"parent","11083","436"
"i.name","11048","437"
"r.zerr","10927","438"
"r.z","10927","439"
"s.fiberid","10641","440"
"s.mjd","10528","441"
"41","10478","442"
"sppparams","10469","443"
"p.psfmag_r","10308","444"
"s.psfmag_i","10046","445"
"extinction_r","9951","446"
"aspcapstar","9929","447"
"*","9804","448"
"n.distance","9776","449"
"'photoobjall'","9738","450"
"extinction_i","9653","451"
"'galaxy'","9604","452"
"extinction_u","9517","453"
"mjd","9498","454"
"extinction_g","9482","455"
"15","9417","456"
"extinction_z","9413","457"
"1000","9167","458"
"dbo.finfootprinteq","8937","459"
"a","8557","460"
"when","8541","461"
"THEN","8541","462"
"wise_allsky","8442","463"
"wise_xmatch","8426","464"
"x.sdss_objid","8404","465"
"x.wise_cntr","8404","466"
"a.cntr","8333","467"
"'specobjall'","8050","468"
"nchild","7919","469"
"p.raerr","7913","470"
"p.decerr","7910","471"
"first","7897","472"
"dbo.fphotomoden","7893","473"
"twomass","7668","474"
"'SpecObj'","7556","475"
"twomassxsc","7513","476"
"rosat","7402","477"
"galspecline","7364","478"
"'star'","7331","479"
"'PhotoObj'","7252","480"
"s.zwarning","7105","481"
"p.psfmag_i","6934","482"
"galspecindx","6754","483"
"21.5","6463","484"
"spplines","6430","485"
"/","6408","486"
"l.specobjid","6401","487"
"s.zconf","6323","488"
"l","6164","489"
"s.zstatus","6107","490"
"INNER","6085","491"
"p.psfmagerr_r","6049","492"
"p.psfmag_g","5981","493"
"s.objid","5945","494"
"p.psfmagerr_i","5895","495"
"p.psfmagerr_g","5835","496"
"p.petror50_i","5672","497"
"p.petroR50_i","5569","498"
"i.specobjid","5561","499"
"l.ew","5559","500"
"l.continuum","5558","501"
"s.eClass","5538","502"
"l.ewErr","5528","503"
"l.Sigma","5524","504"
"'4000Abreak'","5524","505"
"l.nSigma","5524","506"
"l.chisq","5524","507"
"i.ewErr","5524","508"
"i.sn","5524","509"
"i.ew","5524","510"
"p.psfmagerr_z","5516","511"
"s.run2d","5474","512"
"s.instrument","5474","513"
"s.psfmag_r","5445","514"
"s.psfmag_g","5432","515"
"galspecinfo","5297","516"
"dbo.fphotoflags","5258","517"
"photoobjdr7","5256","518"
"dr7objid","5247","519"
"p.psfmag_u","5183","520"
"s.psfmagerr_g","5172","521"
"s.psfmagerr_r","5172","522"
"s.psfmagerr_i","5169","523"
"p.psfmag_z","5168","524"
"s.psfmag_u","5151","525"
"s.psfmag_z","5151","526"
"s.psfmagerr_u","5103","527"
"p.psfmagerr_u","5079","528"
"50000","5024","529"
"'specphotoall'","4759","530"
"'Unknown'","4675","531"
"END","4557","532"
"CASE","4557","533"
"ELSE","4557","534"
"'sppParams'","4279","535"
"'BLENDED'","4224","536"
"'galspecline'","4174","537"
"'3'","4097","538"
"raerr","4071","539"
"decerr","4071","540"
"'6'","4038","541"
"rerun","3856","542"
"'field'","3846","543"
"specclass","3804","544"
"f","3741","545"
"22.0","3637","546"
"17","3635","547"
"'platex'","3588","548"
"emissionlinesport","3518","549"
"#upload","3400","550"
"'sppLines'","3397","551"
"50","3337","552"
"obj","3263","553"
"petromag_r","3255","554"
"q.objid","3240","555"
"UPPER","3233","556"
"'neighbors'","3199","557"
"44","3163","558"
"x.up_id","3123","559"
"BESTDR7..PhotoObj","3089","560"
"'photoprofile'","3058","561"
"'galspecextra'","2972","562"
"ObjType","2957","563"
"[name]","2916","564"
"#x","2906","565"
"rc3","2902","566"
"primtarget","2856","567"
"BESTDR7..PhotoObjAll","2817","568"
"'fieldprofile'","2791","569"
"'galspecinfo'","2725","570"
"'SpecPhoto'","2668","571"
"22","2486","572"
"4.0","2469","573"
"20.0","2457","574"
"'Photoz'","2428","575"
"stellarmassfspsgranwidedust","2382","576"
"plate","2314","577"
"stellarmassstarformingport","2308","578"
"stellarmassfspsgranearlydust","2307","579"
"fiberid","2306","580"
"'PhotoPrimary'","2306","581"
"100","2294","582"
"stellarmassfspsgranearlynodust","2247","583"
"dataconstants","2226","584"
"stellarmasspassiveport","2198","585"
"18","2184","586"
"stellarmasspcawiscm11","2148","587"
"stellarmassfspsgranwidenodust","2141","588"
"'sdsstileall'","2123","589"
"'sdsstilinggeometry'","2122","590"
"stellarmasspcawiscbc03","2112","591"
"'sdsstiledtargetall'","2106","592"
"petromag_g","2100","593"
"f.objid","2082","594"
"'fSpecidFromSDSS'","2077","595"
"''","2075","596"
"u.up_id","2061","597"
"char","2032","598"
"'phototag'","2028","599"
"s.plateid","1946","600"
"recteq","1918","601"
".","1856","602"
"q","1831","603"
"f.fieldid","1821","604"
"f.run","1787","605"
"f.camcol","1787","606"
"p.isoA_r","1776","607"
"COUNT","1769","608"
"dered_r","1768","609"
"p.isoB_r","1761","610"
"f.field","1747","611"
"up_id","1746","612"
"p.isoPhi_r","1745","613"
"60","1745","614"
"devrad_i","1730","615"
"devrad_r","1702","616"
"'ProperMotions'","1697","617"
"fracdev_r","1685","618"
"g.petrorad_r","1659","619"
"exprad_r","1654","620"
"zconf","1653","621"
"exprad_g","1652","622"
"p.devraderr_r","1647","623"
"q.z","1644","624"
"p.devaberr_r","1640","625"
"p.devphi_r","1638","626"
"p.deVPhiErr_r","1636","627"
"platex","1634","628"
"exprad_i","1633","629"
"exprad_z","1630","630"
"fracdev_g","1630","631"
"fracdev_i","1630","632"
"fracdev_z","1630","633"
"devrad_g","1630","634"
"devrad_z","1630","635"
"q.zerr","1621","636"
"q.absMag_z","1619","637"
"q.nnvol","1619","638"
"q.chisq","1619","639"
"q.kcorr_i","1619","640"
"q.rest_ri","1619","641"
"q.kcorr_z","1619","642"
"q.nncount","1619","643"
"q.kcorr_r","1619","644"
"q.kcorr_g","1619","645"
"q.nnfarobjid","1619","646"
"q.kcorr_u","1619","647"
"q.pzType","1619","648"
"q.nnobjid","1619","649"
"n.type","1619","650"
"q.dmod","1619","651"
"q.nnIsInside","1619","652"
"q.rest_gr","1619","653"
"q.rest_ug","1619","654"
"q.rest_iz","1619","655"
"q.absMag_g","1619","656"
"q.nnavgz","1619","657"
"q.absMag_i","1619","658"
"q.absMag_u","1619","659"
"q.absMag_r","1619","660"
"q.nnspecz","1619","661"
"f.rerun","1601","662"
"BESTDR7..SpecObj","1588","663"
"up_ra","1582","664"
"up_dec","1574","665"
"2.6","1565","666"
"Zp_u","1555","667"
"n.fieldid","1555","668"
"Zp_i","1555","669"
"Zp_g","1555","670"
"Zp_z","1555","671"
"Zp_r","1555","672"
"dbo.fgetnearbyframeeq","1555","673"
"type_g","1538","674"
"-aa_u","1533","675"
"-aa_r","1533","676"
"-aa_i","1533","677"
"-aa_z","1533","678"
"-aa_g","1533","679"
"kk_z","1533","680"
"airmass_z","1533","681"
"kk_g","1533","682"
"kk_i","1533","683"
"kk_u","1533","684"
"kk_r","1533","685"
"airmass_u","1533","686"
"airmass_r","1533","687"
"airmass_g","1533","688"
"airmass_i","1533","689"
"'SpecLine'","1505","690"
"petromag_i","1489","691"
"petromag_z","1478","692"
"'QSO'","1463","693"
"devab_r","1461","694"
"specphoto","1419","695"
"devab_i","1412","696"
"devab_g","1412","697"
"devab_z","1412","698"
"devab_u","1412","699"
"180","1403","700"
"dbo.fspecclass","1364","701"
"s.class","1363","702"
"psfflux_r","1360","703"
"psfflux_u","1360","704"
"psfflux_z","1360","705"
"psfflux_g","1360","706"
"psfflux_i","1360","707"
"'WISE_allsky'","1338","708"
"psffluxivar_z","1313","709"
"psffluxivar_i","1313","710"
"psffluxivar_g","1313","711"
"psffluxivar_r","1313","712"
"psffluxivar_u","1313","713"
"expab_r","1307","714"
"expphi_i","1299","715"
"expab_i","1299","716"
"expflux_z","1296","717"
"devphi_g","1296","718"
"lnldev_z","1296","719"
"lnldev_u","1296","720"
"lnldev_r","1296","721"
"lnldev_i","1296","722"
"lnldev_g","1296","723"
"modelflux_g","1296","724"
"devflux_i","1296","725"
"modelflux_u","1296","726"
"modelflux_r","1296","727"
"devphi_r","1296","728"
"devphi_z","1296","729"
"modelflux_z","1296","730"
"devphi_i","1296","731"
"exprad_u","1296","732"
"expphi_g","1296","733"
"expphi_z","1296","734"
"expphi_u","1296","735"
"expphi_r","1296","736"
"aperflux7_r","1296","737"
"aperflux7_u","1296","738"
"aperflux7_z","1296","739"
"aperflux7_i","1296","740"
"expab_g","1296","741"
"expab_z","1296","742"
"petrofluxivar_r","1296","743"
"petrofluxivar_u","1296","744"
"petrofluxivar_z","1296","745"
"petrofluxivar_g","1296","746"
"petrofluxivar_i","1296","747"
"cmodelfluxivar_i","1296","748"
"cmodelfluxivar_g","1296","749"
"cmodelfluxivar_z","1296","750"
"cmodelfluxivar_u","1296","751"
"lnlexp_z","1296","752"
"lnlexp_r","1296","753"
"lnlexp_u","1296","754"
"lnlexp_i","1296","755"
"lnlexp_g","1296","756"
"expflux_i","1296","757"
"expflux_g","1296","758"
"expflux_u","1296","759"
"expflux_r","1296","760"
"expfluxivar_z","1296","761"
"expfluxivar_r","1296","762"
"expfluxivar_u","1296","763"
"expfluxivar_i","1296","764"
"expfluxivar_g","1296","765"
"aperflux7_g","1296","766"
"aperflux7ivar_u","1296","767"
"aperflux7ivar_r","1296","768"
"expab_u","1296","769"
"aperflux7ivar_z","1296","770"
"aperflux7ivar_g","1296","771"
"aperflux7ivar_i","1296","772"
"petroflux_u","1296","773"
"petroflux_r","1296","774"
"petroflux_z","1296","775"
"petroflux_g","1296","776"
"petroflux_i","1296","777"
"modelfluxivar_z","1296","778"
"modelfluxivar_r","1296","779"
"modelfluxivar_u","1296","780"
"modelfluxivar_i","1296","781"
"modelfluxivar_g","1296","782"
"fracdev_u","1296","783"
"devphi_u","1296","784"
"devflux_g","1296","785"
"modelflux_i","1296","786"
"devflux_u","1296","787"
"devflux_r","1296","788"
"devflux_z","1296","789"
"cmodelfluxivar_r","1296","790"
"cmodelflux_z","1296","791"
"cmodelflux_u","1296","792"
"cmodelflux_r","1296","793"
"cmodelflux_i","1296","794"
"cmodelflux_g","1296","795"
"devfluxivar_g","1296","796"
"devfluxivar_i","1296","797"
"devfluxivar_r","1296","798"
"devfluxivar_u","1296","799"
"devfluxivar_z","1296","800"
"devrad_u","1296","801"
"'fCosmoZ","1286","802"
"'DataConstants'","1268","803"
"probpsf","1254","804"
"'First'","1219","805"
"float","1205","806"
"dered_i","1195","807"
"'WISE_xmatch'","1181","808"
"'PhotoType'","1144","809"
"106","1139","810"
"206","1139","811"
"petromag_u","1135","812"
"0.","1132","813"
"'DBObjects'","1126","814"
"'fGetNearbyObjEq'","1124","815"
"5.0","1109","816"
"GNOE.distance","1107","817"
"int","1107","818"
"'wiseForcedTarget'","1092","819"
"CREATE","1091","820"
"TABLE","1091","821"
"u.up_name","1091","822"
"'SpecLineAll'","1088","823"
"10000","1086","824"
"'SDSSConstants'","1077","825"
"no","1071","826"
"no.objid","1071","827"
"no.distance","1071","828"
"42","1066","829"
"23","1059","830"
"'USNO'","1047","831"
"'emissionLinesPort'","1044","832"
"12","1043","833"
"'Target'","1023","834"
"'specclass'","1023","835"
"redshift","1021","836"
"0.4","1020","837"
"fehadop","1011","838"
"'photoz2'","1009","839"
"p.plateid","1004","840"
"dbo.fgetnearbyobjalleq","997","841"
"dered_g","991","842"
"'RC3'","986","843"
"p.[dec]","980","844"
"'Frame'","969","845"
"g.specobjid","964","846"
"s.tile","961","847"
"'PhotoFlags'","958","848"
"'DBColumns'","956","849"
"'Mask'","949","850"
"19.6","940","851"
"INTO","938","852"
"g.petror50_r","924","853"
"19","924","854"
"'TargetInfo'","917","855"
"'Segment'","910","856"
"INSERT","907","857"
"'ProfileDefs'","906","858"
"32","899","859"
"'Match'","894","860"
"'region2box'","894","861"
"'History'","887","862"
"MIN","886","863"
"'PhotoMode'","879","864"
"'Ap7Mag'","874","865"
"'HalfSpace'","870","866"
"'Rmatrix'","868","867"
"'Zone'","866","868"
"'Region'","862","869"
"programtype","861","870"
"'Dependency'","860","871"
"dbo.fprogramtypen","860","872"
"p.zerr","859","873"
"'StripeDefs'","859","874"
"'MaskedObject'","858","875"
"'PhotoAuxAll'","854","876"
"'Algorithm'","854","877"
"'PrimTarget'","843","878"
"dbo.fgetnearestobjideq","839","879"
"'Inventory'","836","880"
"'fPhotoFlags'","822","881"
"'SiteConstants'","820","882"
"'ObjType'","816","883"
"'MaskType'","816","884"
"'SpecDR7'","813","885"
"'fGetObjFromRectEq'","812","886"
"'PhotoSecondary'","805","887"
"'galSpecIndx'","802","888"
"'DBViewCols'","802","889"
"'PhotoStatus'","798","890"
"'SpecLineNames'","797","891"
"'SpecLineIndex'","792","892"
"star.apstar_id","789","893"
"'InsideMask'","779","894"
"'Run'","772","895"
"'RegionPatch'","767","896"
"'RunQA'","766","897"
"'Versions'","762","898"
"'Sky'","760","899"
"'CoordType'","755","900"
"'Columns'","751","901"
"'FramesStatus'","750","902"
"ASC","743","903"
"'SpecZWarning'","742","904"
"s.cz","742","905"
"IS","740","906"
"'TiMask'","740","907"
"elodiervfinalerr","740","908"
"s.cx","740","909"
"s.cy","740","910"
"'PhotoObjDR7'","737","911"
"'QsoCatalogAll'","737","912"
"NULL","737","913"
"'SecTarget'","734","914"
"'RunShift'","732","915"
"'TilingGeometry'","727","916"
"'ELRedShift'","726","917"
"'DR3QuasarCatalog'","726","918"
"'fPhotoType'","725","919"
"'RecentQueries'","718","920"
"'FieldQuality'","716","921"
"'QsoBest'","713","922"
"'LoadHistory'","713","923"
"'DR5QuasarCatalog'","712","924"
"'UberCal'","711","925"
"'Rosat'","708","926"
"petrorad_r","704","927"
"'fHMS'","703","928"
"'QsoSpec'","703","929"
"'RegionConvex'","701","930"
"'PspStatus'","698","931"
"'Chunk'","690","932"
"'GalaxyTag'","687","933"
"'HoleType'","682","934"
"p.devraderr_u","682","935"
"'PhotoFamily'","677","936"
"'OrigPhotoObjAll'","676","937"
"'FieldMask'","668","938"
"'TileAll'","667","939"
"16","667","940"
"'ProgramType'","667","941"
"'xcredshift'","662","942"
"'fGetNearbySpecObjEq'","655","943"
"'QsoConcordanceAll'","649","944"
"'RegionArcs'","649","945"
"'TiledTarget'","648","946"
"'ObjMask'","645","947"
"s.[dec]","642","948"
"'fFootprintEq'","640","949"
"'fPhotoTypeN'","640","950"
"sp","639","951"
"'HoleObj'","629","952"
"'QsoTarget'","627","953"
"'fDMS'","627","954"
"-0.2","626","955"
"'TableDesc'","616","956"
"'SiteDiagnostics'","616","957"
"AVG","615","958"
"'SpecZStatus'","613","959"
"'Glossary'","613","960"
"'Sector'","610","961"
"p.apstar_id","609","962"
"s.snmedian","605","963"
"p.mode","600","964"
"'QsoCatalog'","599","965"
"'fPhotoFlagsN'","596","966"
"'segueTargetAll'","592","967"
"'QsoBunch'","589","968"
"'ImageMask'","587","969"
"'SiteDBs'","586","970"
"'FieldQA'","585","971"
"'BestTarget2Sector'","582","972"
"'TilingInfo'","580","973"
"'TilingRun'","578","974"
"dbo.fgetnearestobjalleq","576","975"
"'TargetParam'","575","976"
"bigint","575","977"
"'TargRunQA'","573","978"
"'Sector2Tile'","570","979"
"petromagerr_g","570","980"
"petromagerr_r","570","981"
"0.1","569","982"
"'fObj'","568","983"
"'fGetObjFromRect'","567","984"
"'TiledTargetAll'","564","985"
"'Stetson'","563","986"
"p.","563","987"
"'TilingMask'","562","988"
"dered_u","560","989"
"petror50_g","560","990"
"petror50err_r","559","991"
"'fspecclass'","558","992"
"'TilingBoundary'","556","993"
"'PsObjAll'","556","994"
"'MatchHead'","555","995"
"GNOE.objid","554","996"
"GNOE","554","997"
"PT","554","998"
"g.flags_r","553","999"
"0x100","553","1000"
"g.petroraderr_r","553","1001"
"'TilingNote'","553","1002"
"g.type","553","1003"
"g.mode","553","1004"
"g.clean","553","1005"
"'StarTag'","553","1006"
"petror50err_g","553","1007"
"g.cmodelmag_r","553","1008"
"g.cmodelmagerr_r","553","1009"
"'PhotoAux'","552","1010"
"'TwoMass'","551","1011"
"'FIRST'","550","1012"
"'stellarMassStarformingPort'","545","1013"
"fehadopunc","545","1014"
"'Tile'","542","1015"
"'fGetLon'","539","1016"
"EXEC","533","1017"
"p.programtype","528","1018"
"'stellarMassPassivePort'","523","1019"
"'500000'","519","1020"
"@log","519","1021"
"spExecuteSQL","519","1022"
"@filter","519","1023"
"'fSpecDescription'","516","1024"
"70","515","1025"
"'fGetNearestSpecObjIdEq'","511","1026"
"p.nchild","509","1027"
"'fGetObjectsEq'","507","1028"
"'fPrimTargetN'","507","1029"
"dered_z","506","1030"
"'fDocColumns'","506","1031"
"'thingIndex'","505","1032"
"'UberAstro'","505","1033"
"'fField'","505","1034"
"0.25","505","1035"
"p.primtarget","504","1036"
"90","504","1037"
"GROUP","503","1038"
"'TargPhotoObjAll'","502","1039"
"0x08","501","1040"
"'%PhotoFlags%'","499","1041"
"'fPrimTarget'","497","1042"
"apstar_id","496","1043"
"bestobjid","493","1044"
"PT.objid","492","1045"
"power","491","1046"
"sn_1","491","1047"
"'fPhotoMode'","490","1048"
"'IndexMap'","490","1049"
"'fDocFunctionParams'","490","1050"
"'ROSAT'","487","1051"
"'OrigField'","487","1052"
"24","484","1053"
"'fIAUFromEq'","482","1054"
"'fSDSS'","476","1055"
"'%PhotoType%'","475","1056"
"2.0","474","1057"
"'fGetNearestObjIdEq'","470","1058"
"'fGetNearestObjEq'","465","1059"
"propermotions","464","1060"
"'fInsideMask'","463","1061"
"'TargPhotoTag'","462","1062"
"filter","461","1063"
"'fPhotoModeN'","460","1064"
"'fGetLat'","456","1065"
"'fInsideMaskN'","455","1066"
"dbobjects.name","450","1067"
"'fMaskType'","449","1068"
"95","447","1069"
"68","445","1070"
"'HIZ_QSO'","442","1071"
"0.7","441","1072"
"55","440","1073"
"'Diagnostics'","440","1074"
"'PhotoPrimaryDR7'","439","1075"
"r.fieldid","436","1076"
"'fPhotoStatusN'","436","1077"
"up_name","435","1078"
"'fDistanceArcMinEq'","434","1079"
"'fPhotoStatus'","433","1080"
"'apogeeStar'","431","1081"
"'fSpecZWarningN'","428","1082"
"g_r","428","1083"
"'zooSpec'","428","1084"
"72","425","1085"
"u_g","425","1086"
"83","425","1087"
"sp.z","424","1088"
"67","424","1089"
"i_z","423","1090"
"r_i","423","1091"
"81","421","1092"
"'fSecTarget'","420","1093"
"0.3","419","1094"
"t.sptypea","418","1095"
"'TargPhotoObj'","416","1096"
"71","415","1097"
"'fGetUrlNavId'","414","1098"
"'PubHistory'","413","1099"
"84","413","1100"
"sp.teffadop","412","1101"
"'spbsParams'","411","1102"
"'FileGroupMap'","411","1103"
"fehadopn","411","1104"
"'SELECT","411","1105"
"fibermag_g","411","1106"
"star.dec","410","1107"
"star.ra","410","1108"
"85","410","1109"
"'spExecuteSQL'","408","1110"
"fibermag_r","407","1111"
"'detectionIndex'","407","1112"
"photoz.objid","406","1113"
"'fCosmoAgeOfUniverse'","404","1114"
"73","404","1115"
"'sppTargets'","404","1116"
"VALUES","402","1117"
"'fInFootprintEq'","402","1118"
"'TargPhotoPrimary'","402","1119"
"'PartitionMap'","401","1120"
"type_i","400","1121"
"'fCoordType'","400","1122"
"'TargPhotoSecondary'","399","1123"
"specobj.z","398","1124"
"x.specobjid","398","1125"
"'PhotozRFTemplateCoeff'","395","1126"
"86","395","1127"
"'fDistanceEq'","394","1128"
"'fFieldQuality'","394","1129"
"89","394","1130"
"'fSecTargetN'","390","1131"
"87","390","1132"
"54","389","1133"
"82","389","1134"
"devmag_r","388","1135"
"'spDocKeySearch'","387","1136"
"'spGetNeighborsPrim'","386","1137"
"91","384","1138"
"snr","384","1139"
"'fSpecZWarning'","384","1140"
"zwarning","383","1141"
"'spGetNeighbors'","382","1142"
"'fGetNearbyObjAllEq'","382","1143"
"MAX","381","1144"
"93","381","1145"
"65","380","1146"
"'fCoordsFromEq'","378","1147"
"'QsoConcordance'","378","1148"
"'fGetUrlExpEq'","377","1149"
"petrorad_g","377","1150"
"'Plate2Target'","377","1151"
"'fMJDToGMT'","377","1152"
"f.psfwidth_r","377","1153"
"'fspecclassN'","377","1154"
"p.fieldid","375","1155"
"92","373","1156"
"'spNearestObjEq'","373","1157"
"s.fieldid","372","1158"
"'fObjType'","372","1159"
"r.run","372","1160"
"'J2G'","370","1161"
"dbo.fgetlat","370","1162"
"45","370","1163"
"dbo.fgetlon","369","1164"
"'J2S'","369","1165"
"'fCosmoDl'","367","1166"
"gb","367","1167"
"gl","367","1168"
"'fIsNumbers'","367","1169"
"'fHtmGetString'","366","1170"
"'fProgramTypeN'","366","1171"
"type_r","366","1172"
"photoobjall.objid","365","1173"
"s.ObjType","365","1174"
"'spSetWebServerUrl'","363","1175"
"35","362","1176"
"88","362","1177"
"'fObjTypeN'","359","1178"
"80","359","1179"
"'fGetUrlFitsMask'","357","1180"
"9","357","1181"
"'fTiMask'","357","1182"
"'fCosmoAbsMag'","356","1183"
"'fPhotoDescription'","356","1184"
"'spLogSqlPerformance'","356","1185"
"'fGetUrlFitsCFrame'","355","1186"
"'spGetMatch'","354","1187"
"'fGetUrlFitsBin'","354","1188"
"-0.1","353","1189"
"74","353","1190"
"52","352","1191"
"2.8","352","1192"
"petrorad_i","352","1193"
"petrorad_z","352","1194"
"'spExecuteSQL2'","351","1195"
"96","351","1196"
"63","351","1197"
"79","351","1198"
"69","350","1199"
"'aspcapStar'","349","1200"
"99","347","1201"
"61","347","1202"
"RunQA","347","1203"
"fibermag_i","346","1204"
"'fRegionGetObjectsFromRegionId'","345","1205"
"'fMaskTypeN'","343","1206"
"dbo.fdistanceeq","343","1207"
"'fGetNearestSpecObjIdAllEq'","342","1208"
"devmag_z","342","1209"
"98","341","1210"
"97","341","1211"
"fibermag_z","341","1212"
"'UberCalibStatus'","341","1213"
"expmag_g","341","1214"
"expmag_i","341","1215"
"expmag_r","341","1216"
"expmag_z","341","1217"
"'fFieldQualityN'","341","1218"
"'fSphGrow'","341","1219"
"'fGetUrlFitsSpectrum'","341","1220"
"devmag_i","341","1221"
"devmag_g","341","1222"
"'fMuNuFromEq'","340","1223"
"'fHtmVersion'","340","1224"
"'spRegionAnd'","339","1225"
"g.petror50_z","338","1226"
"g.petror50_u","338","1227"
"g.petror50_i","338","1228"
"g.petror50_g","338","1229"
"22.2","338","1230"
"g.petror90_i","338","1231"
"g.petror90_g","338","1232"
"g.petror90_z","338","1233"
"g.petror90_u","338","1234"
"'fFieldMaskN'","338","1235"
"'fStripeOfRun'","337","1236"
"66","337","1237"
"photoobj.objid","336","1238"
"'spLogSqlStatement'","336","1239"
"sp.specobjid","335","1240"
"'spGetFiberList'","335","1241"
"33","335","1242"
"'fGetNearbyFrameEq'","334","1243"
"'A1'","334","1244"
"'fSphSimplifyString'","334","1245"
"'A2'","334","1246"
"'spGetNeighborsAll'","334","1247"
"'A4'","333","1248"
"'A3'","333","1249"
"'fGetNearestspecobjallEq'","333","1250"
"'fHtmCoverCircleEq'","333","1251"
"94","332","1252"
"56","332","1253"
"'fMagToFlux'","332","1254"
"75","332","1255"
"57","332","1256"
"'fPspStatusN'","331","1257"
"'fHoleType'","331","1258"
"'fVarBinToHex'","331","1259"
"59","331","1260"
"'fSphIntersectAdvanced'","330","1261"
"s.flags_g","330","1262"
"s.flags_i","330","1263"
"s.flags_r","330","1264"
"'fDocColumnsWithRank'","330","1265"
"'fRun'","328","1266"
"'fSphUnion'","328","1267"
"76","328","1268"
"'fRegionGetObjectsFromString'","328","1269"
"neighbors","327","1270"
"'fSphSimplifyQuery'","326","1271"
"58","326","1272"
"53","326","1273"
"'fSpecLineNames'","326","1274"
"'fProgramType'","326","1275"
"'fRotateV3'","325","1276"
"'fMJD'","325","1277"
"'fCamcol'","325","1278"
"'fTiMaskN'","324","1279"
"'fHtmCoverCircleXyz'","323","1280"
"'spDocEnum'","323","1281"
"'fGetUrlFrameImg'","322","1282"
"77","322","1283"
"'fCoordTypeN'","322","1284"
"'fObjidFromSDSS'","321","1285"
"loggadop","321","1286"
"'fSphGetRegionStringBin'","321","1287"
"'spCopyDbSubset'","321","1288"
"'fSphDiff'","321","1289"
"'fTokenNext'","321","1290"
"'fPrimaryObjID'","321","1291"
"'fSphSimplifyBinary'","321","1292"
"'fGetObjectsMaskEq'","320","1293"
"62","320","1294"
"'fObjidFromSDSSWithFF'","319","1295"
"64","319","1296"
"'sdssTargetParam'","319","1297"
"'fHMSbase'","319","1298"
"SUM","318","1299"
"'fGetNearestObjIdEqType'","318","1300"
"'fMagToFluxErr'","318","1301"
"'TwoMassXSC'","317","1302"
"'fSkyVersion'","317","1303"
"'fRegionFuzz'","317","1304"
"pN","317","1305"
"pN.objid","317","1306"
"'fRegionContainsPointXYZ'","317","1307"
"'fPspStatus'","316","1308"
"g.subclass","316","1309"
"'fGetNearestObjAllEq'","316","1310"
"'fHtmGetCornerPoints'","314","1311"
"'fSphUnionAdvanced'","314","1312"
"'fHoleTypeN'","313","1313"
"'fHtmCoverRegionError'","312","1314"
"'fLambdaFromEq'","312","1315"
"'fPlate'","312","1316"
"ObjID'","312","1317"
"'fSDSS","312","1318"
"'fGetNearestObjIdEqMode'","312","1319"
"|","312","1320"
"'fSphGetVersion'","312","1321"
"'fSphSimplifyAdvanced'","311","1322"
"'fNormalizeString'","311","1323"
"11","311","1324"
"s.modelmag_r","311","1325"
"'zooVotes'","311","1326"
"'fDistanceArcMinXYZ'","310","1327"
"'spGetSpecNeighborsAll'","310","1328"
"'fGetUrlFitsAtlas'","309","1329"
"'fSphGrowAdvanced'","309","1330"
"'fRegionsContainingPointXYZ'","309","1331"
"'fGetUrlFitsField'","309","1332"
"'fCosmoQuantities'","308","1333"
"'spCopyDbSimpleTable'","308","1334"
"'fGetNearestObjIdAllEq'","307","1335"
"'fHtmEq'","306","1336"
"'fObjID'","306","1337"
"'fHtmXyzToEq'","306","1338"
"'fTokenAdvance'","305","1339"
"dr8objid","305","1340"
"'fSpecZStatus'","304","1341"
"'fGetUrlExpId'","304","1342"
"'spSkyServerFormattedQuery'","303","1343"
"'fGetNearestObjXYZ'","303","1344"
"'fDistanceXyz'","302","1345"
"'fEnum'","302","1346"
"'fRegionContainsPointEq'","302","1347"
"'PhotozRF'","302","1348"
"'fGetNearestSpecObjEq'","302","1349"
"'fFramesStatus'","302","1350"
"'fFramesStatusN'","301","1351"
"'spSkyServerFreeFormQuery'","301","1352"
"'fGetNearestSpecObjXYZ'","301","1353"
"'fMuFromEq'","301","1354"
"51","300","1355"
"'fGetUrlNavEq'","299","1356"
"'fRerun'","299","1357"
"78","299","1358"
"'fEtaFromEq'","299","1359"
"'fCosmoDc'","298","1360"
"fgetnearbyapogeestareq","298","1361"
"'fHtmXyz'","298","1362"
"'fCosmoComovingVolume'","297","1363"
"'fUberCalibStatus'","297","1364"
"value","297","1365"
"'fGetNearbyspecobjallEq'","296","1366"
"aspcap.teff","296","1367"
"'fReplace'","296","1368"
"'fNuFromEq'","296","1369"
"'fSphRegionContainsXYZ'","294","1370"
"'fSphSimplifyBinaryAdvanced'","294","1371"
"'fPhotoApMagErr'","294","1372"
"'fCosmoHubbleDistance'","294","1373"
"'fDMSbase'","294","1374"
"'fSphSimplify'","293","1375"
"'fGetNearestspecobjallXYZ'","293","1376"
"'fSphIntersectQuery'","293","1377"
"'fSpecZStatusN'","293","1378"
"'fCosmoLookBackTime'","292","1379"
"Da'","292","1380"
"ABS","292","1381"
"s.run","291","1382"
"zoospec","291","1383"
"so.specobjid","291","1384"
"'fDatediffSec'","291","1385"
"'fGetUrlSpecImg'","291","1386"
"47","291","1387"
"'fSphSimplifyQueryAdvanced'","290","1388"
"'fRegionsContainingPointEq'","290","1389"
"43","290","1390"
"sdssconstants","289","1391"
"'fStripOfRun'","288","1392"
"'fSphIntersect'","287","1393"
"near","287","1394"
"'spSkyServerColumns'","285","1395"
"sp.snr","285","1396"
"49","285","1397"
"Dm'","284","1398"
"'fFieldMask'","284","1399"
"'fFirstFieldBit'","284","1400"
"Dl'","283","1401"
"'fCosmoDa'","283","1402"
"'fGetNearbyObjAllXYZ'","283","1403"
"'fSpecLineNamesN'","283","1404"
"'fHtmCoverRegion'","283","1405"
"'spGetSpecNeighborsPrim'","283","1406"
"'fFiber'","282","1407"
"'fRegionOverlapId'","282","1408"
"'fHtmEqToXyz'","281","1409"
"'fGetLonLat'","281","1410"
"'","281","1411"
"'fGetNearestFrameEq'","280","1412"
"s2","280","1413"
"'fSphGetRegionString'","280","1414"
"'fEtaToNormal'","280","1415"
"'fPhotoApMag'","279","1416"
"'fSphGetConvexes'","279","1417"
"14","279","1418"
"29","279","1419"
"'SATURATED'","279","1420"
"'fCosmoDistances'","279","1421"
"37","279","1422"
"'fTokenStringToTable'","279","1423"
"p.zconf","278","1424"
"p.zStatus","278","1425"
"'fGetAlpha'","278","1426"
"h_beta_flux","277","1427"
"'fImageMask'","277","1428"
"5000","276","1429"
"p.apogee_id","275","1430"
"s1","275","1431"
"s2.objid","274","1432"
"'fSphGetArcs'","273","1433"
"sp.flag","273","1434"
"s1.objid","272","1435"
"'fGetNearbyObjXYZ'","272","1436"
"'PhotozTemplateCoeff'","272","1437"
"s1.g","272","1438"
"s1.i","272","1439"
"s1.r","272","1440"
"'fSphGetHtmRangesAdvanced'","271","1441"
"'fGetNearestFrameidEq'","271","1442"
"'fSphSimplifyStringAdvanced'","270","1443"
"'fGetPhotoApMag'","270","1444"
"zoo2mainspecz","270","1445"
"'fSphDiffAdvanced'","269","1446"
"'fSphGetHalfspaces'","268","1447"
"'spSkyServerConstraints'","267","1448"
"'fSphGetArea'","267","1449"
"p.mjd","267","1450"
"aspcap.logg","266","1451"
"'zooConfidence'","266","1452"
"aspcap.apstar_id","266","1453"
"aspcap","266","1454"
"38","266","1455"
"'spSkyServerFunctionParams'","265","1456"
"'fSphGetPatches'","265","1457"
"star.glat","263","1458"
"'fSphGetOutlineArcs'","263","1459"
"'fStripeToNormal'","263","1460"
"'fSphGetHtmRanges'","263","1461"
"46","263","1462"
"'fHtmGetCenterPoint'","261","1463"
"'fSphUnionQuery'","261","1464"
"specobj.specclass","261","1465"
"'fGetNearbySpecObjXYZ'","260","1466"
"'fCosmoDm'","260","1467"
"other.plate","260","1468"
"36","259","1469"
"size","258","1470"
"'fSphConvexAddHalfspace'","258","1471"
"o","257","1472"
"Dc'","257","1473"
"a.teff","257","1474"
"a.logg","256","1475"
"a.metals","256","1476"
"'FunnyFunction'","255","1477"
"'fCosmoAbsMagFromLumDist'","254","1478"
"48","253","1479"
"'fImageMaskN'","252","1480"
"'fEqFromMuNu'","252","1481"
"'spSkyServerIndices'","252","1482"
"aspcap.metals","252","1483"
"'sdssImagingHalfSpaces'","250","1484"
"'fUberCalMag'","249","1485"
"'apogeeObject'","248","1486"
"'spGetNeighborsRadius'","248","1487"
"'fWedgeV3'","247","1488"
"u.up_col0","246","1489"
"zooconfidence","246","1490"
"132.85","246","1491"
"11.82","246","1492"
"survey","246","1493"
"'fGetUrlAtlasImageId'","245","1494"
"photoprofile","245","1495"
"star.apogee_id","242","1496"
"usno","242","1497"
"star.glon","242","1498"
"34","242","1499"
"2.3","241","1500"
"'sdssPolygons'","238","1501"
"[col0]","238","1502"
"'specPhoto'","237","1503"
"'fCosmoTimeInterval'","237","1504"
"'Specobj'","237","1505"
"mag_i","237","1506"
"'fUberCalibStatusN'","236","1507"
"'zoo2MainSpecz'","236","1508"
"31","235","1509"
"specobj.bestobjid","234","1510"
"sp.dec","233","1511"
"sp.ra","232","1512"
"'sdssSector'","232","1513"
"p.status","232","1514"
"sp.fehadop","232","1515"
"'fHTMCoverRegion'","231","1516"
"other.bestobjid","231","1517"
"'CalibStatus'","231","1518"
"'zooNoSpec'","231","1519"
"'sdssTilingRun'","230","1520"
"star.apogee_target2","229","1521"
"star.apogee_target1","229","1522"
"'apogeeDesign'","229","1523"
"'spSetInsideMask'","228","1524"
"sp.objid","227","1525"
"dbo","227","1526"
"near.apstar_id","226","1527"
"p.zwarning","224","1528"
"'ResolveStatus'","223","1529"
"dbo.fgetnearbyapogeestareq","222","1530"
"1.2","222","1531"
"a.apstar_id","220","1532"
"BESTDR7..SpecPhotoAll","220","1533"
"BESTDR7..Star","219","1534"
"plate.programname","219","1535"
"dbo.fdistancearcmineq","219","1536"
"'fGetNearestSpecObjIdEqType'","219","1537"
"'fCosmoComovVolumeFromDl'","219","1538"
"'apogeeVisit'","218","1539"
"'sdssPolygon2Field'","218","1540"
"||chr","216","1541"
"28","216","1542"
"'fGetNearbyspecobjallXYZ'","216","1543"
"prim.bestobjid","216","1544"
"'fGetNearestSpecObjID'","215","1545"
"s.psfmagerr_z","215","1546"
"s.scienceprimary","214","1547"
"h_alpha_flux","214","1548"
"pm","212","1549"
"3.0","212","1550"
"d.objid","211","1551"
"t.thingid","210","1552"
"t.ndetect","210","1553"
"phototag.objid","210","1554"
"'zooMonochromeBias'","210","1555"
"<>","210","1556"
"pm.objid","210","1557"
"htmid","209","1558"
"'stellarMassFSPSGranEarlyDust'","208","1559"
"'sdssTilingInfo'","205","1560"
"pm.pmra","205","1561"
"pm.pmdec","205","1562"
"zoonospec","204","1563"
"'spQsoCatalogs'","204","1564"
"8.","204","1565"
"p.glat","203","1566"
"p.glon","203","1567"
"p.vscatter","203","1568"
"'spSkyServerDatabases'","203","1569"
"n.apstar_id","203","1570"
"p.vhelio_avg","203","1571"
"'%PrimTarget%'","202","1572"
"18.5","202","1573"
"pN.distance","201","1574"
"-0.4","200","1575"
"21.","199","1576"
"'AtlasOutline'","198","1577"
"'#%'","198","1578"
"300","198","1579"
"sElEcT","198","1580"
"'zooMirrorBias'","195","1581"
"dbo.fphotoflagsn","195","1582"
"'SourceType'","194","1583"
"cmodelmag_g","193","1584"
"u.up_dec","193","1585"
"u.up_ra","193","1586"
"u.up_up_id","193","1587"
"'spSkyServerTables'","192","1588"
"ug","192","1589"
"gr","192","1590"
"photoobj.dec","191","1591"
"photoobj.ra","191","1592"
"g.parentid","190","1593"
"'spSkyServerFunctions'","188","1594"
"sp.loggadopn","188","1595"
"r.rerun","186","1596"
"r.stripe","186","1597"
"n.neighborobjid","186","1598"
"r.fieldQall","184","1599"
"r.fieldQALL","184","1600"
"sp.mjd","183","1601"
"L1.ew","183","1602"
"profiledefs","182","1603"
"dbo.fgetnearestspecobjideq","182","1604"
"h_beta_flux_err","182","1605"
"sp.fiberid","182","1606"
"BESTDR7..PhotoPrimary","181","1607"
"programname","181","1608"
"petror50_i","179","1609"
"'stellarMassFSPSGranWideDust'","178","1610"
"'sdssBestTarget2Sector'","178","1611"
"SDSSname","177","1612"
"g.r","177","1613"
"fld.run","177","1614"
"'spGetSpecNeighborsRadius'","176","1615"
"26","175","1616"
"'RegionTypes'","174","1617"
"'%InsideMask%'","174","1618"
"other.mjd","173","1619"
"mjd_r","173","1620"
"-2","172","1621"
"g.g","171","1622"
"'%SpeczWarning%'","170","1623"
"dbo.fgetnearestframeeq","169","1624"
"'mangadrpall'","168","1625"
"p.petrorad_i","168","1626"
"O.objid","167","1627"
"O.dec","167","1628"
"O.probpsf","167","1629"
"27","167","1630"
"O.psfmag_g","167","1631"
"status","167","1632"
"O.ra","167","1633"
"usno.delta","165","1634"
"'Segue1Target1'","165","1635"
"usno.objid","165","1636"
"colv","165","1637"
"usno.pmra","165","1638"
"rowv","165","1639"
"usno.pmdec","165","1640"
"g.kk_i","164","1641"
"t","164","1642"
"BESTDR7..Galaxy","162","1643"
"14.","161","1644"
"'fCalibStatus'","159","1645"
"L1.specobjid","159","1646"
"'stellarMassPCAWiscBC03'","158","1647"
"g.i","158","1648"
"so","154","1649"
"'%PhotoMode%'","154","1650"
"0.8","154","1651"
"g.h_alpha_flux","153","1652"
"'Segue2Target1'","153","1653"
"g.h_beta_flux","153","1654"
"pm.pmraerr","152","1655"
"so.scienceprimary","151","1656"
"10.","150","1657"
".0006","150","1658"
"'fResolveStatusN'","150","1659"
"pm.pmdecerr","149","1660"
"q.fieldQALL","149","1661"
"g.h_beta_flux_err","148","1662"
"pm.pmb","148","1663"
"pm.pml","148","1664"
".35","148","1665"
"'sdssSector2Tile'","148","1666"
"g.h_alpha_flux_err","148","1667"
"'segue2'","148","1668"
"'fResolveStatus'","148","1669"
"'stellarMassPCAWisc'","146","1670"
"'%ResolveStatus%'","146","1671"
"SQRT","146","1672"
"mag_r","146","1673"
"specobj.fiberid","145","1674"
"APPLY","145","1675"
".05","144","1676"
"200","143","1677"
"0x8100000c00a0","143","1678"
"prim.z","143","1679"
"p.petrorad_g","143","1680"
"p.plate","143","1681"
"p.isoA_i","142","1682"
"L2.ew","142","1683"
"so.bestobjid","141","1684"
"dbo.fphototype","139","1685"
"'fCalibStatusN'","139","1686"
"so.plate","138","1687"
"so.fiberid","138","1688"
"s.primtarget","138","1689"
"so.mjd","138","1690"
"p.petrorad_u","138","1691"
"p.petrorad_z","138","1692"
"sp.loggadop","138","1693"
"L1","137","1694"
"'EDGE'","137","1695"
"p.petroraderr_g","137","1696"
"num_redshift","137","1697"
"p.petroraderr_i","137","1698"
"n.neighbortype","136","1699"
"s1.u","136","1700"
"s1.z","136","1701"
"SpecLineNames","136","1702"
"siteconstants","136","1703"
"s.extinction_g","135","1704"
"p.petroraderr_z","134","1705"
"p.petroraderr_u","134","1706"
"BESTDR9..SpecObj","134","1707"
"-1.5","134","1708"
"BESTDR7..SpecPhoto","134","1709"
"e.specobjid","133","1710"
"'_n%'","133","1711"
"15.1","132","1712"
"sl","131","1713"
"s.extinction_r","131","1714"
"d","131","1715"
"'BRIGHT'","130","1716"
"p.texture_z","130","1717"
"p.texture_r","130","1718"
"p.texture_i","130","1719"
"p.texture_g","130","1720"
"22.5","130","1721"
"p.texture_u","130","1722"
"s.extinction_z","130","1723"
"s.extinction_u","130","1724"
"s.extinction_i","130","1725"
"'apogeeStarVisit'","130","1726"
"g.u","130","1727"
"p.isoPhi_i","129","1728"
"sl.specobjid","128","1729"
"s.g","128","1730"
"gmr","128","1731"
"'%CalibStatus%'","127","1732"
"p.isoB_i","126","1733"
"185.1","126","1734"
"16.2","125","1735"
"photoobj.modelmag_r","125","1736"
"23.0","125","1737"
"c.field","124","1738"
"1.5","123","1739"
"plate.plate","122","1740"
"5.5","122","1741"
"2.7","122","1742"
"g.z","122","1743"
"p.fiberid","121","1744"
"'ImageStatus'","120","1745"
"px.taiend","120","1746"
"px.plateid","120","1747"
"sp.class","120","1748"
"galspecextra","120","1749"
"px","120","1750"
"px.taibegin","120","1751"
"sp.plateid","120","1752"
"'%specclass%'","118","1753"
"L2","118","1754"
"dbo.fgetnearbyspecobjeq","117","1755"
"b.specobjid","117","1756"
"'%SecTarget%'","117","1757"
"'SpecPixMask'","117","1758"
"'SpeczWarning'","117","1759"
"passive.specobjid","116","1760"
"first.plate","116","1761"
"120","116","1762"
"From","116","1763"
"BESTDR10..Galaxy","115","1764"
"'SpecialTarget1'","115","1765"
"photoz2.objid","114","1766"
"p.isoA_g","113","1767"
"s.type","112","1768"
"0x00000000FFFFFFFF","112","1769"
"c.bestobjid","112","1770"
"field.fieldid","112","1771"
"p.<W>","112","1772"
"z_noqso_err","111","1773"
"LOG10","111","1774"
"stellarMassPCAWisc","111","1775"
"pca","111","1776"
"pca.specobjid","111","1777"
"z_noqso","111","1778"
"petror50err_i","110","1779"
"20.","109","1780"
"photoz.z","109","1781"
"type_u","109","1782"
"'%PhotoStatus%'","109","1783"
"L2.specobjid","109","1784"
"0.6","109","1785"
"0.03","108","1786"
"pca.warning","108","1787"
"c.z","108","1788"
"s.r","108","1789"
"emline.specobjid","106","1790"
"stripedefs","106","1791"
"detectionindex","106","1792"
"20.1","106","1793"
"2.2","106","1794"
"s.u","106","1795"
"'sdssTile'","106","1796"
"d.thingid","105","1797"
"thingindex","105","1798"
"3.5","104","1799"
"L2.LineId","104","1800"
"p.isoB_g","103","1801"
"21.7","103","1802"
"'segue1specobjall'","103","1803"
"sp.extinction_i","103","1804"
"peak","103","1805"
"'emissionlinesPort'","103","1806"
"integr","103","1807"
"sp.psfmag_i","103","1808"
"'fSpecPixMaskN'","102","1809"
"0.00","102","1810"
"LookBackTime'","102","1811"
"nncount","102","1812"
"'ZooNoSpec'","102","1813"
"0.80","102","1814"
"BESTDR10..PhotoObj","102","1815"
"1.60","102","1816"
"0.0","102","1817"
"other.scienceprimary","101","1818"
"other","101","1819"
"fiber2mag_i","100","1820"
"cmodelmag_i","100","1821"
"s.i","100","1822"
"s.size","100","1823"
"L1.LineId","100","1824"
"'sdssTilingMask'","99","1825"
"'%ObjType%'","99","1826"
"'AncillaryTarget1'","98","1827"
"DESC","98","1828"
"bin","98","1829"
"pd","98","1830"
"dbo.fgeturlfitscframe","97","1831"
"e","97","1832"
"band","96","1833"
"-3.5","96","1834"
"fgetnearestobjideq","96","1835"
"UNION","96","1836"
"'999999.9","96","1837"
"ALL","96","1838"
"q.fieldid","95","1839"
"bestDR7.dbo.fgetnearbyobjeq","95","1840"
"s.parentid","95","1841"
"sl.caiikerr","95","1842"
"'fCosmoDistanceModulus'","95","1843"
"BESTDR10..SpecObj","95","1844"
"sl.caiikmask","95","1845"
"sl.mjd","94","1846"
"sp.fehadopunc","94","1847"
"s.nchild","94","1848"
"4.5","94","1849"
"sp.loggadopunc","94","1850"
"sp.","94","1851"
"sl.caiikside","94","1852"
"specobj.specobjid","94","1853"
"sl.plate","94","1854"
"sl.fiber","94","1855"
"'fSpecPixMask'","93","1856"
"p.isoPhi_g","93","1857"
"Zsp","93","1858"
"objTypeName","93","1859"
"'fCosmoComovDist2ObjectsRADEC'","93","1860"
"'spMakespecobjall'","92","1861"
"nnIsInside","92","1862"
"3.","92","1863"
"p.size","92","1864"
"obj.objid","91","1865"
"-5","91","1866"
"specobj.ra","91","1867"
"absMagR","91","1868"
"-10","91","1869"
"l.g","91","1870"
"'zoo2MainPhotoz'","90","1871"
"type_z","90","1872"
"specobj.plate","90","1873"
"SELECTs.plate","89","1874"
"h_alpha_flux_err","89","1875"
"s.fibermag_r","88","1876"
"colc_r","88","1877"
"rowc_r","88","1878"
"photoobj.modelmag_g","88","1879"
"l.r","88","1880"
"l.i","88","1881"
"sigma_balmer","87","1882"
"otherPlate.programname","87","1883"
"-1","87","1884"
"platex.plateid","87","1885"
"c","87","1886"
"c.class","87","1887"
"p_cw","86","1888"
"p_edge","86","1889"
"22.3","86","1890"
"p_mg","86","1891"
"0.42","86","1892"
"edgeon","86","1893"
"0.96","86","1894"
"p_el","86","1895"
"merger","86","1896"
"specobjall.specobjid","86","1897"
"spiralclock","86","1898"
"p_dk","86","1899"
"p_acw","86","1900"
"spiralanticlock","86","1901"
"BESTDR8..SpecObj","86","1902"
"elliptical","86","1903"
"dontknow","86","1904"
"nvote","86","1905"
"-0.5","85","1906"
"1826172'","85","1907"
"'apogee.n.s.s3.4128.2M13102744","85","1908"
"-2.5","85","1909"
"specobj.plateid","85","1910"
"1.085","85","1911"
"p.petror50_g","84","1912"
"20.5","84","1913"
"p.petror90_g","84","1914"
"'NO'","83","1915"
"photoobj.modelmag_i","83","1916"
"'YES'","83","1917"
"'galspeciindx'","83","1918"
"q.type","83","1919"
"s.petromag_g","82","1920"
"'Other'","81","1921"
"pOUTER","81","1922"
"'total'","81","1923"
"Top","81","1924"
"found","81","1925"
"galaxy.g","81","1926"
"'Galaxies'","81","1927"
"'Stars'","81","1928"
"'stellarMassStarFormingPort'","80","1929"
"galaxy.r","80","1930"
"galaxy.i","80","1931"
"'BINNED1'","79","1932"
"primary_mjd","79","1933"
"BESTDR9..PhotoObj","79","1934"
"6.5","78","1935"
"'BINNED2'","78","1936"
"'BINNED4'","78","1937"
"platex.mjd","77","1938"
"colc_g","77","1939"
"rowc_g","77","1940"
"'apogeeField'","77","1941"
"photoobj.modelmag_z","77","1942"
"photoobj.modelmag_u","77","1943"
"xcredshift.xcredshiftID","77","1944"
"'ProperMotionsDR9'","77","1945"
"'NODEBLEND'","76","1946"
"'fPolygonsContainingPointXYZ'","76","1947"
"specobj.dec","76","1948"
"3333","76","1949"
"L2.continuum","76","1950"
"'CHILD'","76","1951"
"up_col0","75","1952"
"0.0006","75","1953"
"GalcLat","75","1954"
"cleanPhotFlag","75","1955"
"x.up_id'","75","1956"
"GalcLON","75","1957"
"'mangatarget'","75","1958"
"obj.psfmag_i","75","1959"
"[dec]","73","1960"
"pop","73","1961"
"htm_8","73","1962"
"OtherMJD","72","1963"
"prim","72","1964"
"OtherZ","72","1965"
"other.z","72","1966"
"'fSpecialTarget1N'","72","1967"
"PrimMJD","72","1968"
"500000","72","1969"
"prim.mjd","72","1970"
"PrimPlate","72","1971"
"prim.scienceprimary","72","1972"
"OtherPlate","72","1973"
"PrimZ","72","1974"
"'seguespecobjall'","72","1975"
"prim.plate","72","1976"
"'sdssTilingBoundary'","72","1977"
"p.isoB_z","71","1978"
"p.isoB_u","71","1979"
"plate.mjd","71","1980"
"'apogeeStarAllVisit'","71","1981"
"sdss_ra","71","1982"
"0x000000000000FFFF","71","1983"
"wise_dec","71","1984"
"'apogeePlate'","71","1985"
"p.isoA_z","71","1986"
"w.w1mpro","71","1987"
"w","71","1988"
"w.dec","71","1989"
"wise_ra","71","1990"
"'stellarMassPCAWiscM11'","71","1991"
"w.cntr","71","1992"
"650","71","1993"
"w1","71","1994"
"specobj.mjd","71","1995"
"w.ra","71","1996"
"sdss_dec","71","1997"
"p.isoA_u","71","1998"
"p.isoPhi_z","69","1999"
"p.isoPhi_u","69","2000"
"passive_logmass","68","2001"
"s.petromag_r","68","2002"
"petror50_z","68","2003"
"AgeOfUniverse'","68","2004"
"passive.dec","68","2005"
"lTRIM","68","2006"
"passive.ra","68","2007"
"14.0","68","2008"
"fsps.ssfr_mean","67","2009"
"fsps.logmass_err","67","2010"
"fsps.age_mean","67","2011"
"fsps.metallicity_err","67","2012"
"metal","67","2013"
"emeta","67","2014"
"fsps.t_age_err","67","2015"
"agemin","67","2016"
"ssfrmax","67","2017"
"fsps.ssfr_max","67","2018"
"speclineindex.specLineIndexID","67","2019"
"fsps.tau_err","67","2020"
"ssfr","67","2021"
"fsps.tau_mean","67","2022"
"fsps.logmass","67","2023"
"185.","67","2024"
"fsps.age_min","67","2025"
"fsps.t_age_mean","67","2026"
"etau","67","2027"
"elgmas","67","2028"
"agemax","67","2029"
"ssfrmin","67","2030"
"fsps.ssfr_min","67","2031"
"fsps.specobjid","67","2032"
"age","67","2033"
"fsps.ra","67","2034"
"fsps.[dec]","67","2035"
"tau","67","2036"
"lgmass","67","2037"
"fsps","67","2038"
"specobj.zconf","67","2039"
"fsps.metallicity_mean","67","2040"
"fsps.age_max","67","2041"
"t_eage","67","2042"
"t_age","67","2043"
"'astromDR9'","66","2044"
"con","66","2045"
"galaxy.ra","66","2046"
"'%MaskType%'","66","2047"
"'fImageStatusN'","66","2048"
"mag_g","66","2049"
"SN","66","2050"
"s.err_z","66","2051"
"s.err_u","66","2052"
"s.err_r","66","2053"
"s.err_i","66","2054"
"s.err_g","66","2055"
"2000","66","2056"
"'PhotoZ'","66","2057"
"SN.objid","66","2058"
"mag_u","65","2059"
"g.oiii_5007_flux","64","2060"
"h_beta_eqw","64","2061"
"'fRegionsIntersectingBinary'","64","2062"
"fspecclass","64","2063"
"s.sectarget","64","2064"
"objID","64","2065"
"L1.nsigma","64","2066"
"veldisp","64","2067"
"dbo.","64","2068"
"'NOPETRO'","63","2069"
"'%Segue1Target1%'","63","2070"
"'BossTarget1'","63","2071"
"g.oii_3729_flux","63","2072"
"passive.z","63","2073"
".5","63","2074"
"pLEFT","63","2075"
"sp.plate","63","2076"
"specobj.veldisp","62","2077"
"o.name","62","2078"
"PT.bestobjid","62","2079"
"o.description","62","2080"
"o.type","62","2081"
"2974.0","61","2082"
"f.mjd_g","61","2083"
"'fPolygonsContainingPointEq'","61","2084"
"'fImageStatus'","61","2085"
"L1.lineID","61","2086"
"sl.objType","61","2087"
"star_dec","61","2088"
"54592.0","61","2089"
"frame.fieldid","61","2090"
"638.0","61","2091"
"g.airmass_g","61","2092"
"star_ra","61","2093"
"p.bestobjid","61","2094"
"'fSegue1Target1'","61","2095"
"g.kk_g","61","2096"
"g.aa_g","61","2097"
"CROSS","61","2098"
"15.2","60","2099"
"quality","60","2100"
"avg_sky_muJy","59","2101"
"elredshift.elRedShiftID","59","2102"
"fp.nfirstmatch","59","2103"
"fm.objid","59","2104"
"primaryarea","59","2105"
"galaxy.objid","59","2106"
"fld","59","2107"
"fld.avg_sky_muJy","59","2108"
"area","59","2109"
"passive.logmass","59","2110"
"fld.runarea","59","2111"
"fp","59","2112"
"fm","59","2113"
"sky_r","59","2114"
"runarea","59","2115"
"3631e6","59","2116"
"fp.run","59","2117"
"nfirstmatch","59","2118"
"g.oiii_5007_flux_err","59","2119"
"starforming.logmass","58","2120"
"starforming.specobjid","58","2121"
"pca.mstellar_median","58","2122"
"g.oii_3729_flux_err","58","2123"
"passive.zerr","58","2124"
"g.nii_6548_flux","58","2125"
"'fRegionsIntersectingString'","58","2126"
"passive","58","2127"
"'%SourceType%'","58","2128"
"starforming_logmass","58","2129"
"150","58","2130"
"passive.fiberid","58","2131"
"g.nii_6548_flux_err","58","2132"
"pca_logmass","58","2133"
"'fSegue2Target1N'","58","2134"
"-20","58","2135"
"L1.continuum","58","2136"
"nightsObserved","58","2137"
"0'","58","2138"
"starforming","58","2139"
"23.5","58","2140"
"L2.ewErr","57","2141"
"'fMathGetBin'","57","2142"
"photoobj.r","57","2143"
"c.name","57","2144"
"'SELECTED_STRING_RHL'","56","2145"
"s.petromag_i","56","2146"
"s.petromag_z","56","2147"
"s.petromag_u","56","2148"
"'Ha_6565'","56","2149"
"s.modelmag_i","56","2150"
"'fSegue1Target1N'","56","2151"
"photoobj.ObjID","56","2152"
"s.modelmag_z","56","2153"
"s.flags","56","2154"
"s.mode","56","2155"
"s.rerun","56","2156"
"s.modelmag_u","56","2157"
"s.modelmag_g","56","2158"
"flags_lo","56","2159"
"15.0","56","2160"
"'fGetWCS'","56","2161"
"'fHtmCoverBinaryAdvanced'","56","2162"
"s.camcol","56","2163"
"flags_hi","56","2164"
"err","55","2165"
"6.0","55","2166"
"star.r","55","2167"
"colc","55","2168"
"185.2","55","2169"
"g.insidemask","55","2170"
"velocity","55","2171"
"rowc","55","2172"
"'fSphGetVersions'","54","2173"
"f.pa","54","2174"
"g.modelmag_g","54","2175"
"185.0","54","2176"
"emline_vdisp","53","2177"
"pca_vdisp","53","2178"
"emline.sigmastarserr","53","2179"
"emline.plate","53","2180"
"emline","53","2181"
"emline.zerr","53","2182"
"u.up_mjd","53","2183"
"'fHtmCoverRegionAdvanced'","53","2184"
"sp_vdisp_err","53","2185"
"sp_vdisp","53","2186"
"sp.veldisperr","53","2187"
"emline_vdisp_err","53","2188"
"emline.ra","53","2189"
"pca.vdisp_err","53","2190"
"emline.mjd","53","2191"
"pca_vdisp_err","53","2192"
"emline.fiberid","53","2193"
"p.sprerun","53","2194"
"u.up_plate","53","2195"
"pca.vdisp_median","53","2196"
"l.objid","53","2197"
"sp.veldisp","53","2198"
"emline.sigmastars","53","2199"
"'segue2specobjall'","53","2200"
"emline.dec","53","2201"
"u.up_fiber","53","2202"
"emline.z","53","2203"
"0.18","52","2204"
"'%PixMask%'","52","2205"
"photoobj.psfmag_r","52","2206"
"photoobj.z","51","2207"
"bptclass","51","2208"
"'fSpecialTarget1'","51","2209"
".08","51","2210"
"'r'","51","2211"
"'%SpecialTarget1%'","51","2212"
"s.apogee_id","50","2213"
"dbo.fobj","50","2214"
"NN.distance","50","2215"
"obj.run","50","2216"
"LN1.name","50","2217"
"neighborobjid","50","2218"
"photoobj.i","50","2219"
"photoobj.g","50","2220"
"calibstatus_g","50","2221"
"LN1","50","2222"
"platex.plate","50","2223"
"obj.psfmag_g","50","2224"
"126","50","2225"
"obj.psfmag_r","50","2226"
"id","49","2227"
"photoprofile.binprofiledefs.bin","49","2228"
"210","49","2229"
"numObjs","49","2230"
"calibstatus_r","49","2231"
"2.4","49","2232"
"e.flux_oii_3726","49","2233"
"e.flux_ha_6562","49","2234"
"-3","48","2235"
"min_DEC","48","2236"
"fgetnearestobjeq","48","2237"
"specobjall.plate","48","2238"
"'stellarMassFSPSGranWideNoDust'","48","2239"
"'fSegue2Target1'","48","2240"
"'%CoordType%'","48","2241"
"'photoObj'","48","2242"
"'marvelsStar'","48","2243"
"mpder_r","47","2244"
"C9050_r","47","2245"
"passive.plate","47","2246"
"'zoo2Stripe82Normal'","47","2247"
"passive.mjd","47","2248"
"g_r_d","47","2249"
"19.5","47","2250"
"'%TiMask%'","47","2251"
"3.1","47","2252"
"'STAR_BAD'","47","2253"
"u_r_d","47","2254"
"l.","47","2255"
"l.u","47","2256"
"r_i_d","47","2257"
"bpt","46","2258"
"dbo.fapogeeaspcapflag","46","2259"
"g.kk_u","46","2260"
"p.rowc_g","46","2261"
"g.airmass_z","46","2262"
"g.airmass_i","46","2263"
"g.airmass_u","46","2264"
"max_DEC","46","2265"
"g.aa_i","46","2266"
"g.kk_z","46","2267"
"e.flux_oii_3728","46","2268"
"g.aa_u","46","2269"
"g.aa_z","46","2270"
"'fSourceType'","45","2271"
"BESTDR9..Star","45","2272"
"0.9","45","2273"
"L1.sigma","44","2274"
"p.rowc_i","44","2275"
"p.rowc_z","44","2276"
"p.rowc_r","44","2277"
"p.rowc_u","44","2278"
"'fGetUrlFitsPlate'","44","2279"
"photoobj.u","44","2280"
"h.targetobjid","44","2281"
"'g_mag'","44","2282"
"l.z","44","2283"
"0.02","43","2284"
"SpecPhoto","43","2285"
"p.cmodelmag_r","43","2286"
"[up_id]","43","2287"
".06","43","2288"
"'zoo2Stripe82Coadd1'","43","2289"
"p.colc_g","43","2290"
"0.01","42","2291"
"'%Segue2Target1%'","42","2292"
"u.up_obj_id","42","2293"
"obj_id","42","2294"
"8.5","42","2295"
"[obj_id]","42","2296"
"'g'","42","2297"
"zWarning","42","2298"
"p.colc_i","42","2299"
"'fCosmoComovDist2ObjectsXYZ'","42","2300"
"16.5","41","2301"
"And","41","2302"
"p.colc_u","41","2303"
"mag_z","41","2304"
"p.colc_r","41","2305"
"-9","40","2306"
"'%ProgramType%'","40","2307"
"star.i","40","2308"
"L1.height","40","2309"
"up_obj_id","40","2310"
"galaxy.z","40","2311"
"galaxy.u","40","2312"
"181","40","2313"
"ugModelColor","40","2314"
"L1.ewErr","39","2315"
"-9999.","39","2316"
"'%SpecZStatus%'","39","2317"
"4.6","39","2318"
"zoomirrorbias","39","2319"
"e.dec","38","2320"
"nWhere","38","2321"
"'obj_0'","38","2322"
"3.2","38","2323"
"e.ra","38","2324"
"L1.chisq","38","2325"
"teffadop","38","2326"
"p.devphi_g","37","2327"
"specobj_mjd","37","2328"
"near.specobjid","37","2329"
"'Hb_4863'","37","2330"
"specobj_plate","37","2331"
"specobj_dec","37","2332"
"dbo.fgetnearestspecobjeq","37","2333"
"specobj_fiberid","37","2334"
"specobj_ra","37","2335"
"9.5","37","2336"
"star.z","36","2337"
"s.sn_1","36","2338"
"sp.feha","36","2339"
"s.specobjid'","36","2340"
"sn_0","36","2341"
"3028267'","36","2342"
"'apogee.n.s.s3.4331.2M18572662","36","2343"
"p.aspcapflag","36","2344"
"s.sn_0","36","2345"
"0.05","35","2346"
"grModelColor","35","2347"
"Ha.specobjid","35","2348"
"e.lgm_tot_p50","35","2349"
"i.d4000_n","35","2350"
"zoo2mainphotoz","35","2351"
"Ha.Lineid","35","2352"
"135","35","2353"
"e.sfr_tot_p50","35","2354"
"ha","35","2355"
"''''","34","2356"
"'%HoleType%'","34","2357"
"-0.04","34","2358"
"star.g","34","2359"
"specObj.bestobjid","34","2360"
"targetobjid","34","2361"
"'Hd_4103'","34","2362"
"HaeW","34","2363"
"riModelColor","34","2364"
"Ha.eW","34","2365"
"'fApogeeStarFlag'","34","2366"
"plateX","34","2367"
"izModelColor","34","2368"
"z.objid","34","2369"
"selectMIN","34","2370"
"LN2.value","33","2371"
"'fGetNearbyApogeeStarEq'","33","2372"
"LN2","33","2373"
"LN2.name","33","2374"
"1.8","33","2375"
"'stellarMassFSPSGranEarlyNoDust'","33","2376"
"NEWID","33","2377"
"modelMag_r","33","2378"
"p.probpsf","33","2379"
"1139222'","32","2380"
"nii_6584_flux","32","2381"
"p.type_u","32","2382"
"'apogee.n.s.s3.4162.2M08505976","32","2383"
"oiii_5007_flux","32","2384"
"photoobj.petromag_r","32","2385"
"s.subclass","32","2386"
"PhotoObj","31","2387"
".1","31","2388"
"p.type_z","31","2389"
"p.type_i","31","2390"
"p.type_r","31","2391"
"p.type_g","31","2392"
"galaxytag","30","2393"
"z.<W>","30","2394"
"s.sn_2","30","2395"
"'AncillaryTarget2'","30","2396"
"indexmap.indexmapid","30","2397"
"'fSphGrowArc'","30","2398"
"g.modelmag_r","30","2399"
"g.modelmag_i","30","2400"
"'%PspStatus%'","30","2401"
"'%SpecPixMask%'","30","2402"
"1.6","30","2403"
"DEFAULT","30","2404"
"NON","29","2405"
"h_beta_reqw","29","2406"
"selectplateX.plate","29","2407"
"otherPlate","29","2408"
"zoomonochromebias","29","2409"
"p.petror50_u","29","2410"
"h_gamma_reqw","29","2411"
"h_delta_reqw","29","2412"
"otherPlate.plate","29","2413"
"first.mjd","29","2414"
"LN1.value","29","2415"
"20000","29","2416"
"fieldquality","29","2417"
"avg_DEC","29","2418"
"c.value","29","2419"
"15.5","29","2420"
"FIRSTPlate","29","2421"
"p.petror90_u","29","2422"
"first.scienceprimary","29","2423"
"objects","29","2424"
"FIRSTPlate.plate","29","2425"
"first.bestobjid","29","2426"
"'aspcapStarCovar'","28","2427"
"fibermag_u","28","2428"
"star.u","28","2429"
"e.bpt","28","2430"
"fibermagerr_u","28","2431"
"galaxy.dec","28","2432"
"p.sky_u","28","2433"
"7.4","28","2434"
"p.skyerr_u","28","2435"
"specobj.sn_0","28","2436"
"f.integr","27","2437"
"19.0","27","2438"
"'NGC2594'","27","2439"
".22","27","2440"
"7.0","27","2441"
"f.match","27","2442"
"'NGC4026'","27","2443"
"p.l","27","2444"
"'fApogeeTarget1'","27","2445"
"f.minor","27","2446"
"p.petror90_z","27","2447"
"f.major","27","2448"
"f.delta","27","2449"
"22.8","27","2450"
"specObj.dec","27","2451"
"'SKY'","27","2452"
"4.7","27","2453"
"f.lambda","27","2454"
"5.3","27","2455"
"f.peak","27","2456"
"f.eta","27","2457"
"p.devraderr_g","27","2458"
"f.rms","27","2459"
"f.id","27","2460"
"petromagerr_u","27","2461"
"elodiervfinal","27","2462"
"e.flux_nii_6583","26","2463"
"fsps.z","26","2464"
"'NGC2859'","26","2465"
"e.flux_hb_4861","26","2466"
"e.flux_oiii_5006","26","2467"
"'NGC3941'","26","2468"
"'NGC4262'","26","2469"
"e.flux_sii_6716","26","2470"
"'i'","26","2471"
"p.decFrom","26","2472"
"'NGC5582'","26","2473"
"1237666408442430330","26","2474"
"p.sky_r","26","2475"
"'NGC3522'","26","2476"
"r.seeing_r","26","2477"
"u.<W>","26","2478"
"p.petror90err_i","26","2479"
"p.petror90err_g","26","2480"
"60.","26","2481"
"-0.3","26","2482"
"'NGC4036'","26","2483"
"'NGC3945'","26","2484"
"e.flux_oi_6300","26","2485"
"'%FieldQuality%'","26","2486"
"p.sky_i","26","2487"
"p.b","26","2488"
"p.petror50err_g","26","2489"
"p.petror50err_i","26","2490"
"1237666408442430307","26","2491"
"'NGC3414'","26","2492"
"spt.gmr0","26","2493"
"'%ImageStatus%'","26","2494"
"'NGC3838'","26","2495"
"1345138'","25","2496"
"obj.type","25","2497"
"e.flux_sii_6730","25","2498"
"WITH","25","2499"
"'00'","25","2500"
"'apogee.n.s.s3.4158.2M06275172","25","2501"
"nobj.objid","25","2502"
"nid","25","2503"
"nfield","25","2504"
"round","25","2505"
"p.expraderr_r","25","2506"
"nobj","25","2507"
"0x40006","25","2508"
"nobj.psfmag_r","25","2509"
"nobj.psfmag_i","25","2510"
"nobj.psfmag_g","25","2511"
"bestExtinction_r","25","2512"
"p.cmodelmag_g","25","2513"
"NN","25","2514"
"loi","25","2515"
"obj.rowc","25","2516"
"obj.flags","25","2517"
"'apogee.n.s.s3.4258.2M05580827","25","2518"
"5.2","25","2519"
"dbo.ffield","25","2520"
"p.sky_g","25","2521"
"obj.camcol","25","2522"
"obj.colc","25","2523"
"loi.specobjid","25","2524"
"obj.neighborobjid","25","2525"
"NN.mode","25","2526"
"NN.objid","25","2527"
"index","25","2528"
"NN.neighbormode","25","2529"
"sp.sna","25","2530"
"NN.neighborobjid","25","2531"
"0312100'","25","2532"
"obj.psfmag_z","25","2533"
"p.skyerr_i","25","2534"
"p.skyerr_g","25","2535"
"p.skyerr_r","25","2536"
"0000372'","25","2537"
"Speczconf","25","2538"
"obj.field","25","2539"
"'apogee.n.s.s3.4159.2M06570102","25","2540"
"dbviewcols.name","25","2541"
"obj.extinction_r","25","2542"
"obj.extinction_z","25","2543"
"obj.extinction_g","25","2544"
"obj.extinction_i","25","2545"
"nobj.run","25","2546"
"star.clean","24","2547"
"6.6","24","2548"
"oi_6300_flux","24","2549"
"near.objid","24","2550"
"photoobj.obj","24","2551"
"3.1415","24","2552"
"l.LineId","24","2553"
"ors.specobjid","24","2554"
"photoobj.run","24","2555"
"p.expraderr_g","24","2556"
"L2.sigma","24","2557"
"photoobj_dec","24","2558"
"p.nmgypercount_g","24","2559"
"1237663233915552504","24","2560"
"g.modelmag_u","24","2561"
"s.photora","24","2562"
"photoobj_ra","24","2563"
"s.fibermag_g","24","2564"
"5.4","24","2565"
"photoobj.psfmag_z","24","2566"
"photoobj.psfmag_u","24","2567"
"photoobj.psfmag_i","24","2568"
"photoobj.psfmag_g","24","2569"
"m","24","2570"
"oii_3726_flux","24","2571"
"loi.lineID","24","2572"
"'CV'","24","2573"
"p.colc","24","2574"
"neiii_3869_flux","24","2575"
"photoobj.camcol","24","2576"
"photoobj.field","24","2577"
"s.photodec","24","2578"
"p.nmgypercount_i","24","2579"
"p.nmgypercount_u","24","2580"
"p.nmgypercount_r","24","2581"
"p.nmgypercount_z","24","2582"
"p.colc_z","24","2583"
"'SFM'","24","2584"
"'SBT'","24","2585"
"q.class","24","2586"
"'%BossTarget1%'","23","2587"
"p.petror50err_u","23","2588"
"p.mcr4_i","23","2589"
"p.nprof_r","23","2590"
"r.seeing_g","23","2591"
"44.5","23","2592"
"p.petror90err_u","23","2593"
"'AGN'","23","2594"
"SpecLineAll","23","2595"
"p.isoAErr_r","23","2596"
"specobj.class","23","2597"
"stripe","23","2598"
"p.isoBGrad_r","23","2599"
"p.isoBErr_r","23","2600"
"p.petror90err_z","23","2601"
"p.isoAGrad_r","23","2602"
"p.lnlstar_i","23","2603"
"p.mrrcc_i","23","2604"
"dbo.fhms","23","2605"
"'STA'","23","2606"
"p.petror50err_z","23","2607"
"s.photozcc2","23","2608"
"c.zwarning","22","2609"
"1e6","22","2610"
"p.isoBGrad_u","22","2611"
"p.rowc","22","2612"
"p.rho","22","2613"
"L4.LineId","22","2614"
"nmgypercount_i","22","2615"
"nmgypercount_g","22","2616"
"nmgypercount_z","22","2617"
"nmgypercount_r","22","2618"
"nmgypercount_u","22","2619"
"p.isoAErr_u","22","2620"
"p.isoBErr_g","22","2621"
"1237656496187507363","22","2622"
"p.q_r","22","2623"
"4.3","22","2624"
"p.u_r","22","2625"
"star.objid","22","2626"
"p.isoAGrad_u","22","2627"
"p.isoAErr_z","22","2628"
"p.isoAErr_i","22","2629"
"p.isoAErr_g","22","2630"
"dbo.fdms","22","2631"
"modelMag_EC_u","22","2632"
"'OB'","22","2633"
"p.isoBGrad_z","22","2634"
"p.isoBGrad_i","22","2635"
"p.isoBGrad_g","22","2636"
"p.isoBErr_i","22","2637"
"p.isoBErr_u","22","2638"
"p.isoBErr_z","22","2639"
"p.isoAGrad_g","22","2640"
"p.isoAGrad_i","22","2641"
"p.isoAGrad_z","22","2642"
"'WD'","22","2643"
"photoobjall.objIDphotoz.objid","22","2644"
"star.vhelio_avg","22","2645"
"L3.LineId","22","2646"
"sii_6731_flux","21","2647"
"BESTDR8..PhotoObj","21","2648"
"'fAncillaryTarget1'","21","2649"
"'L9'","21","2650"
"'Car'","21","2651"
"selectobjID","21","2652"
"LN1.","21","2653"
"p.petroR90_r","21","2654"
"'CAR'","21","2655"
"'nsatlas'","21","2656"
"'T2'","21","2657"
"'L5'","21","2658"
"q.specobjid","21","2659"
"s.dered_g","21","2660"
"182","21","2661"
"'L0'","21","2662"
"sii_6717_flux","21","2663"
"3.3","21","2664"
"p.sky_z","21","2665"
"p.skyerr_z","21","2666"
"'L4'","21","2667"
"p.isoPhiErr_r","21","2668"
"L3","20","2669"
"nobjects","20","2670"
"4.4","20","2671"
"160","20","2672"
"140","20","2673"
"p.u_i","20","2674"
"specLine.restwave","20","2675"
"17.7","20","2676"
"p.uerr_u","20","2677"
"p.q_i","20","2678"
"190","20","2679"
"isoB_i","20","2680"
"isoA_i","20","2681"
"L2.lineID","20","2682"
"3.6","20","2683"
"p.lnlstar_r","20","2684"
"L2.height","20","2685"
"360","20","2686"
"p.fiber2mag_r","20","2687"
"7.5","20","2688"
"p.qerr_z","19","2689"
"p.expaberr_r","19","2690"
"p.qerr_r","19","2691"
"p.mcr4_r","19","2692"
"p.mcr4_u","19","2693"
"p.me2e2err_z","19","2694"
"p.me2e2err_u","19","2695"
"p.me2e2err_g","19","2696"
"p.rowcerr","19","2697"
"p.mrrccerr_r","19","2698"
"p.me1psf_u","19","2699"
"p.me1psf_r","19","2700"
"p.me1e1err_z","19","2701"
"p.me1psf_i","19","2702"
"p.me1psf_g","19","2703"
"p.qerr_i","19","2704"
"p.mrrccpsf_g","19","2705"
"p.qerr_g","19","2706"
"spptargets","19","2707"
"p.mrrccpsf_z","19","2708"
"p.mrrccpsf_r","19","2709"
"p.mrrccpsf_u","19","2710"
"p.me1_i","19","2711"
"p.me1_r","19","2712"
"p.me1_z","19","2713"
"p.me1e1err_r","19","2714"
"p.uerr_i","19","2715"
"p.loadversion","19","2716"
"p.uerr_g","19","2717"
"p.me2_u","19","2718"
"p.expraderr_i","19","2719"
"p.mcr4_g","19","2720"
"p.mcr4_z","19","2721"
"p.nprof_z","19","2722"
"p.nprof_u","19","2723"
"p.nprof_i","19","2724"
"p.nprof_g","19","2725"
"p.me1e1err_u","19","2726"
"p.me1e1err_g","19","2727"
"p.me1e1err_i","19","2728"
"p.mrrccpsf_i","19","2729"
"p.mcr4psf_i","19","2730"
"p.q_u","19","2731"
"p.qerr_u","19","2732"
"p.u_z","19","2733"
"p.u_g","19","2734"
"p.uerr_r","19","2735"
"p.mrrccerr_u","19","2736"
"p.offsetdec_z","19","2737"
"p.q_g","19","2738"
"p.skyversion","19","2739"
"p.lnlstar_g","19","2740"
"p.q_z","19","2741"
"p.htmid","19","2742"
"p.rowv","19","2743"
"p.rowverr","19","2744"
"p.devaberr_z","19","2745"
"p.devaberr_u","19","2746"
"p.me2e2err_r","19","2747"
"p.me2e2err_i","19","2748"
"p.devraderr_z","19","2749"
"p.me1_g","19","2750"
"p.probpsf_u","19","2751"
"p.probpsf_r","19","2752"
"p.probpsf_z","19","2753"
"p.probpsf_g","19","2754"
"p.probpsf_i","19","2755"
"p.mcr4psf_g","19","2756"
"p.mcr4psf_z","19","2757"
"p.mcr4psf_r","19","2758"
"p.mcr4psf_u","19","2759"
"p.rowcerr_i","19","2760"
"p.rowcerr_g","19","2761"
"p.rowcerr_u","19","2762"
"p.rowcerr_r","19","2763"
"p.me2_z","19","2764"
"p.me2_r","19","2765"
"p.me2_i","19","2766"
"p.me2_g","19","2767"
"p.rowcerr_z","19","2768"
"p.mrrccerr_g","19","2769"
"p.mrrccerr_i","19","2770"
"p.mrrccerr_z","19","2771"
"p.offsetdec_g","19","2772"
"p.offsetdec_i","19","2773"
"p.offsetdec_r","19","2774"
"p.offsetdec_u","19","2775"
"p.lnlstar_z","19","2776"
"p.me1_u","19","2777"
"p.devraderr_i","19","2778"
"p.u_u","19","2779"
"p.insidemask","19","2780"
"p.mrrcc_g","19","2781"
"p.mrrcc_z","19","2782"
"p.mrrcc_u","19","2783"
"p.mrrcc_r","19","2784"
"p.lnlstar_u","19","2785"
"p.me2psf_r","19","2786"
"p.offsetra_r","19","2787"
"p.offsetra_i","19","2788"
"p.me1e2err_i","19","2789"
"p.me1e2err_g","19","2790"
"p.me1e2err_z","19","2791"
"p.me1e2err_u","19","2792"
"p.me1e2err_r","19","2793"
"8.0","19","2794"
"p.offsetra_z","19","2795"
"p.offsetra_u","19","2796"
"p.offsetra_g","19","2797"
"p.me1psf_z","19","2798"
"p.me2psf_z","19","2799"
"p.me2psf_u","19","2800"
"p.me2psf_i","19","2801"
"p.me2psf_g","19","2802"
"petrorad_u","18","2803"
"substring","17","2804"
"1.7","17","2805"
"13.0","17","2806"
"17.6","17","2807"
"2.9","17","2808"
"1.4","17","2809"
"600","17","2810"
"351","17","2811"
"a.aspcapflag","16","2812"
"s.dered_z","16","2813"
"17.4","16","2814"
"s.dered_u","16","2815"
"s.dered_i","16","2816"
"2.1","16","2817"
"1.9","16","2818"
"'0'","15","2819"
"16.0","15","2820"
"17.77","15","2821"
"p.cmodelmag_i","15","2822"
"p.cmodelmag_u","15","2823"
"p.cmodelmag_z","15","2824"
"185","15","2825"
"130","15","2826"
"230","14","2827"
"first.objid","14","2828"
"170","14","2829"
"10.0","13","2830"
"0.45","13","2831"
"240","13","2832"
"logga","13","2833"
"239","13","2834"
"13.1","13","2835"
"mag_0","13","2836"
"4.1","13","2837"
"dbo.fhtmeq","12","2838"
"19.8","12","2839"
"-4.0","12","2840"
"feha","11","2841"
"21.3","11","2842"
"s.fluxobjid","11","2843"
"4.2","10","2844"
"isoA_r","10","2845"
"-1.2","10","2846"
"1.1","9","2847"
"0.15","9","2848"
"225","9","2849"
"q.bestobjid","9","2850"
"dbo.fhtmgetstring","9","2851"
"531","9","2852"
"9.0","9","2853"
"573","9","2854"
"207","8","2855"
"-0.9","8","2856"
"111","8","2857"
"-1.1","8","2858"
"173","7","2859"
"u.objid","7","2860"
"60.0","7","2861"
"21.6","7","2862"
"220","7","2863"
"-5.0","7","2864"
"a.apogee_id","7","2865"
"s.dered_r","7","2866"
"175","7","2867"
"137","7","2868"
"115","7","2869"
"234","6","2870"
"12.1","6","2871"
"215","6","2872"
"194","6","2873"
"196","6","2874"
"11.0","6","2875"
"183","6","2876"
"307","6","2877"
"-6.0","6","2878"
"1.3","6","2879"
"129","6","2880"
"0.08","5","2881"
"40.0","5","2882"
"165","5","2883"
"14.5","5","2884"
"201","5","2885"
"204","5","2886"
"10.4","5","2887"
"17.0","5","2888"
"0.005","5","2889"
"7000","5","2890"
"270.0","5","2891"
"-2.0","5","2892"
"136","5","2893"
"350","5","2894"
"1237663783129121030","5","2895"
"345","4","2896"
"248","4","2897"
"256","4","2898"
"155","4","2899"
"233","4","2900"
"14.6","4","2901"
"209","4","2902"
"193","4","2903"
"197","4","2904"
"0.001","4","2905"
"19.9","4","2906"
"'4'","4","2907"
"133","4","2908"
"64.0","4","2909"
"243","3","2910"
"250","3","2911"
"35.0","3","2912"
"188.1","3","2913"
"150.0","3","2914"
"152.0","3","2915"
"17.1","3","2916"
"192","3","2917"
"188","3","2918"
"-20.0","3","2919"
"45.0","2","2920"
"270","2","2921"
"105","2","2922"
"213","2","2923"
"10.9","2","2924"
"244","2","2925"
"338","2","2926"
"0.75","2","2927"
"229.0","2","2928"
"203","2","2929"
"208","2","2930"
"151","2","2931"
"127","2","2932"
"55.0","2","2933"
"2887","2","2934"
"202","2","2935"
"229","2","2936"
"REDSHIFT.z","2","2937"
"11.7","2","2938"
"320","2","2939"
"12.0","2","2940"
"20.2","2","2941"
"184","2","2942"
"13.93","2","2943"
"271.0","2","2944"
"18.7","2","2945"
"251.0","2","2946"
"400","2","2947"
"41.5","2","2948"
"41.0","2","2949"
"237","2","2950"
"232","2","2951"
"47.7","2","2952"
"132","2","2953"
"214.0","2","2954"
"230.0","2","2955"
"-1.0","2","2956"
"280.0","2","2957"
"192.6","2","2958"
"122","2","2959"
"123","2","2960"
"125","2","2961"
"128","2","2962"
"131","2","2963"
"134","2","2964"
"250.0","2","2965"
"260","2","2966"
"116","2","2967"
"110","2","2968"
"113","2","2969"
"29.0","2","2970"
"11.3","2","2971"
"260.0","1","2972"
"349","1","2973"
"104","1","2974"
"240.0","1","2975"
"247","1","2976"
"171","1","2977"
"0.06","1","2978"
"30.0","1","2979"
"-3.0","1","2980"
"50.0","1","2981"
"258","1","2982"
"254","1","2983"
"169","1","2984"
"222","1","2985"
"0.002","1","2986"
"157","1","2987"
"159","1","2988"
"290.0","1","2989"
"145","1","2990"
"142","1","2991"
"143","1","2992"
"124","1","2993"
"179","1","2994"
"13.5","1","2995"
"11.9","1","2996"
"339.0","1","2997"
"216","1","2998"
"211","1","2999"
"220.0","1","3000"
"255.0","1","3001"
"189","1","3002"
"187","1","3003"
"330","1","3004"
"333","1","3005"
"187.8","1","3006"
"2821","1","3007"
"25.0","1","3008"
"187.0","1","3009"
"235","1","3010"
"162.2","1","3011"
"2333","1","3012"
"190.0","1","3013"
"2247","1","3014"
"185.8","1","3015"
"355","1","3016"
"285","1","3017"
"259","1","3018"
"114","1","3019"
"117","1","3020"
"112","1","3021"
"119","1","3022"
"2078","1","3023"
"255","1","3024"
